pool_index,trace_id
0,0
1,0
2,0
3,0
4,0
5,0
6,0
7,0
8,0
9,0
10,0
11,0
12,0
13,0
14,0
15,0
16,0
17,0
18,0
19,0
20,0
21,0
22,0
23,0
24,0
25,0
26,0
27,0
28,0
29,0
30,0
31,0
32,0
33,0
34,0
35,0
36,0
37,0
38,0
39,0
40,0
41,0
42,0
43,0
44,0
45,0
46,0
47,0
48,0
49,0
50,0
51,0
52,0
53,0
54,0
55,0
56,0
57,0
58,0
59,0
60,0
61,0
62,0
63,0
64,0
65,0
66,0
67,0
68,0
69,0
70,0
71,0
72,0
73,0
74,0
75,0
76,0
77,0
78,0
79,0
80,0
81,0
82,0
83,0
84,0
85,0
86,0
87,0
88,0
89,0
90,0
91,0
92,0
93,0
94,0
95,0
96,0
97,0
98,0
99,0
100,0
101,0
102,0
103,0
104,0
105,0
106,0
107,0
108,0
109,0
110,0
111,0
112,0
113,0
114,0
115,0
116,0
117,0
118,0
119,0
120,0
121,0
122,0
123,0
124,0
125,0
126,0
127,0
128,0
129,0
130,0
131,0
132,0
133,0
134,0
135,0
136,0
137,0
138,0
139,0
140,0
141,0
142,0
143,0
144,0
145,0
146,0
147,0
148,0
149,0
150,0
151,0
152,0
153,0
154,0
155,0
156,0
157,0
158,0
159,0
160,0
161,0
162,0
163,0
164,0
165,0
166,0
167,0
168,0
169,0
170,0
171,0
172,0
173,0
174,0
175,0
176,0
177,0
178,0
179,0
180,0
181,0
182,0
183,0
184,0
185,0
186,0
187,0
188,0
189,0
190,0
191,0
192,0
193,0
194,0
195,0
196,0
197,0
198,0
199,0
200,0
201,0
202,0
203,0
204,0
205,0
206,0
207,0
208,0
209,0
210,0
211,0
212,0
213,0
214,0
215,0
216,0
217,0
218,0
219,0
220,0
221,0
222,0
223,0
224,0
225,0
226,0
227,0
228,0
229,0
230,0
231,0
232,0
233,0
234,0
235,0
236,0
237,0
238,0
239,0
240,0
241,0
242,0
243,0
244,0
245,0
246,0
247,0
248,0
249,0
250,0
251,0
252,0
253,0
254,0
255,0
256,0
257,0
258,0
259,0
260,0
261,0
262,0
263,0
264,0
265,0
266,0
267,0
268,0
269,0
270,0
271,0
272,0
273,0
274,0
275,0
276,0
277,0
278,0
279,0
280,0
281,0
282,0
283,0
284,0
285,0
286,0
287,0
288,0
289,0
290,0
291,0
292,0
293,0
294,0
295,0
296,0
297,0
298,0
299,0
300,0
301,1
302,1
303,1
304,1
305,1
306,1
307,1
308,1
309,1
310,1
311,1
312,1
313,1
314,1
315,1
316,1
317,1
318,1
319,1
320,1
321,1
322,1
323,1
324,1
325,1
326,1
327,1
328,1
329,1
330,1
331,1
332,1
333,1
334,1
335,1
336,1
337,1
338,1
339,1
340,1
341,1
342,1
343,1
344,1
345,1
346,1
347,1
348,1
349,1
350,1
351,1
352,1
353,1
354,1
355,1
356,1
357,1
358,1
359,1
360,1
361,1
362,1
363,1
364,1
365,1
366,1
367,1
368,1
369,1
370,1
371,1
372,1
373,1
374,1
375,1
376,1
377,1
378,1
379,1
380,1
381,1
382,1
383,1
384,1
385,1
386,1
387,1
388,1
389,1
390,1
391,1
392,1
393,1
394,1
395,1
396,1
397,1
398,1
399,1
400,1
401,1
402,1
403,1
404,1
405,1
406,1
407,1
408,1
409,1
410,1
411,1
412,1
413,1
414,1
415,1
416,1
417,1
418,1
419,1
420,1
421,1
422,1
423,1
424,1
425,1
426,1
427,1
428,1
429,1
430,1
431,1
432,1
433,1
434,1
435,1
436,1
437,1
438,1
439,1
440,1
441,1
442,1
443,1
444,1
445,1
446,1
447,1
448,1
449,1
450,1
451,1
452,1
453,1
454,1
455,1
456,1
457,1
458,1
459,1
460,1
461,1
462,1
463,1
464,1
465,1
466,1
467,1
468,1
469,1
470,1
471,1
472,1
473,1
474,1
475,1
476,1
477,1
478,1
479,1
480,1
481,1
482,1
483,1
484,1
485,1
486,1
487,1
488,1
489,1
490,1
491,1
492,1
493,1
494,1
495,1
496,1
497,1
498,1
499,1
500,1
501,1
502,1
503,1
504,1
505,1
506,1
507,1
508,1
509,1
510,1
511,1
512,1
513,1
514,1
515,1
516,1
517,1
518,1
519,1
520,1
521,1
522,1
523,1
524,1
525,1
526,1
527,1
528,1
529,1
530,1
531,1
532,1
533,1
534,1
535,1
536,1
537,1
538,1
539,1
540,1
541,1
542,1
543,1
544,1
545,1
546,1
547,1
548,1
549,1
550,1
551,1
552,1
553,1
554,1
555,1
556,1
557,1
558,1
559,1
560,1
561,1
562,1
563,1
564,1
565,1
566,1
567,1
568,1
569,1
570,1
571,1
572,1
573,1
574,1
575,1
576,1
577,1
578,1
579,1
580,1
581,1
582,1
583,1
584,1
585,1
586,1
587,1
588,1
589,1
590,1
591,1
592,1
593,1
594,1
595,1
596,1
597,1
598,1
599,1
600,1
601,1
602,2
603,2
604,2
605,2
606,2
607,2
608,2
609,2
610,2
611,2
612,2
613,2
614,2
615,2
616,2
617,2
618,2
619,2
620,2
621,2
622,2
623,2
624,2
625,2
626,2
627,2
628,2
629,2
630,2
631,2
632,2
633,2
634,2
635,2
636,2
637,2
638,2
639,2
640,2
641,2
642,2
643,2
644,2
645,2
646,2
647,2
648,2
649,2
650,2
651,2
652,2
653,2
654,2
655,2
656,2
657,2
658,2
659,2
660,2
661,2
662,2
663,2
664,2
665,2
666,2
667,2
668,2
669,2
670,2
671,2
672,2
673,2
674,2
675,2
676,2
677,2
678,2
679,2
680,2
681,2
682,2
683,2
684,2
685,2
686,2
687,2
688,2
689,2
690,2
691,2
692,2
693,2
694,2
695,2
696,2
697,2
698,2
699,2
700,2
701,2
702,2
703,2
704,2
705,2
706,2
707,2
708,2
709,2
710,2
711,2
712,2
713,2
714,2
715,2
716,2
717,2
718,2
719,2
720,2
721,2
722,2
723,2
724,2
725,2
726,2
727,2
728,2
729,2
730,2
731,2
732,2
733,2
734,2
735,2
736,2
737,2
738,2
739,2
740,2
741,2
742,2
743,2
744,2
745,2
746,2
747,2
748,2
749,2
750,2
751,2
752,2
753,2
754,2
755,2
756,2
757,2
758,2
759,2
760,2
761,2
762,2
763,2
764,2
765,2
766,2
767,2
768,2
769,2
770,2
771,2
772,2
773,2
774,2
775,2
776,2
777,2
778,2
779,2
780,2
781,2
782,2
783,2
784,2
785,2
786,2
787,2
788,2
789,2
790,2
791,2
792,2
793,2
794,2
795,2
796,2
797,2
798,2
799,2
800,2
801,2
802,2
803,2
804,2
805,2
806,2
807,2
808,2
809,2
810,2
811,2
812,2
813,2
814,2
815,2
816,2
817,2
818,2
819,2
820,2
821,2
822,2
823,2
824,2
825,2
826,2
827,2
828,2
829,2
830,2
831,2
832,2
833,2
834,2
835,2
836,2
837,2
838,2
839,2
840,2
841,2
842,2
843,2
844,2
845,2
846,2
847,2
848,2
849,2
850,2
851,2
852,2
853,2
854,2
855,2
856,2
857,2
858,2
859,2
860,2
861,2
862,2
863,2
864,2
865,2
866,2
867,2
868,2
869,2
870,2
871,2
872,2
873,2
874,2
875,2
876,2
877,2
878,2
879,2
880,2
881,2
882,2
883,2
884,2
885,2
886,2
887,2
888,2
889,2
890,2
891,2
892,2
893,2
894,2
895,2
896,2
897,2
898,2
899,2
900,2
901,2
902,2
903,3
904,3
905,3
906,3
907,3
908,3
909,3
910,3
911,3
912,3
913,3
914,3
915,3
916,3
917,3
918,3
919,3
920,3
921,3
922,3
923,3
924,3
925,3
926,3
927,3
928,3
929,3
930,3
931,3
932,3
933,3
934,3
935,3
936,3
937,3
938,3
939,3
940,3
941,3
942,3
943,3
944,3
945,3
946,3
947,3
948,3
949,3
950,3
951,3
952,3
953,3
954,3
955,3
956,3
957,3
958,3
959,3
960,3
961,3
962,3
963,3
964,3
965,3
966,3
967,3
968,3
969,3
970,3
971,3
972,3
973,3
974,3
975,3
976,3
977,3
978,3
979,3
980,3
981,3
982,3
983,3
984,3
985,3
986,3
987,3
988,3
989,3
990,3
991,3
992,3
993,3
994,3
995,3
996,3
997,3
998,3
999,3
1000,3
1001,3
1002,3
1003,3
1004,3
1005,3
1006,3
1007,3
1008,3
1009,3
1010,3
1011,3
1012,3
1013,3
1014,3
1015,3
1016,3
1017,3
1018,3
1019,3
1020,3
1021,3
1022,3
1023,3
1024,3
1025,3
1026,3
1027,3
1028,3
1029,3
1030,3
1031,3
1032,3
1033,3
1034,3
1035,3
1036,3
1037,3
1038,3
1039,3
1040,3
1041,3
1042,3
1043,3
1044,3
1045,3
1046,3
1047,3
1048,3
1049,3
1050,3
1051,3
1052,3
1053,3
1054,3
1055,3
1056,3
1057,3
1058,3
1059,3
1060,3
1061,3
1062,3
1063,3
1064,3
1065,3
1066,3
1067,3
1068,3
1069,3
1070,3
1071,3
1072,3
1073,3
1074,3
1075,3
1076,3
1077,3
1078,3
1079,3
1080,3
1081,3
1082,3
1083,3
1084,3
1085,3
1086,3
1087,3
1088,3
1089,3
1090,3
1091,3
1092,3
1093,3
1094,3
1095,3
1096,3
1097,3
1098,3
1099,3
1100,3
1101,3
1102,3
1103,3
1104,3
1105,3
1106,3
1107,3
1108,3
1109,3
1110,3
1111,3
1112,3
1113,3
1114,3
1115,3
1116,3
1117,3
1118,3
1119,3
1120,3
1121,3
1122,3
1123,3
1124,3
1125,3
1126,3
1127,3
1128,3
1129,3
1130,3
1131,3
1132,3
1133,3
1134,3
1135,3
1136,3
1137,3
1138,3
1139,3
1140,3
1141,3
1142,3
1143,3
1144,3
1145,3
1146,3
1147,3
1148,3
1149,3
1150,3
1151,3
1152,3
1153,3
1154,3
1155,3
1156,3
1157,3
1158,3
1159,3
1160,3
1161,3
1162,3
1163,3
1164,3
1165,3
1166,3
1167,3
1168,3
1169,3
1170,3
1171,3
1172,3
1173,3
1174,3
1175,3
1176,3
1177,3
1178,3
1179,3
1180,3
1181,3
1182,3
1183,3
1184,3
1185,3
1186,3
1187,3
1188,3
1189,3
1190,3
1191,3
1192,3
1193,3
1194,3
1195,3
1196,3
1197,3
1198,3
1199,3
1200,3
1201,3
1202,3
1203,3
1204,4
1205,4
1206,4
1207,4
1208,4
1209,4
1210,4
1211,4
1212,4
1213,4
1214,4
1215,4
1216,4
1217,4
1218,4
1219,4
1220,4
1221,4
1222,4
1223,4
1224,4
1225,4
1226,4
1227,4
1228,4
1229,4
1230,4
1231,4
1232,4
1233,4
1234,4
1235,4
1236,4
1237,4
1238,4
1239,4
1240,4
1241,4
1242,4
1243,4
1244,4
1245,4
1246,4
1247,4
1248,4
1249,4
1250,4
1251,4
1252,4
1253,4
1254,4
1255,4
1256,4
1257,4
1258,4
1259,4
1260,4
1261,4
1262,4
1263,4
1264,4
1265,4
1266,4
1267,4
1268,4
1269,4
1270,4
1271,4
1272,4
1273,4
1274,4
1275,4
1276,4
1277,4
1278,4
1279,4
1280,4
1281,4
1282,4
1283,4
1284,4
1285,4
1286,4
1287,4
1288,4
1289,4
1290,4
1291,4
1292,4
1293,4
1294,4
1295,4
1296,4
1297,4
1298,4
1299,4
1300,4
1301,4
1302,4
1303,4
1304,4
1305,4
1306,4
1307,4
1308,4
1309,4
1310,4
1311,4
1312,4
1313,4
1314,4
1315,4
1316,4
1317,4
1318,4
1319,4
1320,4
1321,4
1322,4
1323,4
1324,4
1325,4
1326,4
1327,4
1328,4
1329,4
1330,4
1331,4
1332,4
1333,4
1334,4
1335,4
1336,4
1337,4
1338,4
1339,4
1340,4
1341,4
1342,4
1343,4
1344,4
1345,4
1346,4
1347,4
1348,4
1349,4
1350,4
1351,4
1352,4
1353,4
1354,4
1355,4
1356,4
1357,4
1358,4
1359,4
1360,4
1361,4
1362,4
1363,4
1364,4
1365,4
1366,4
1367,4
1368,4
1369,4
1370,4
1371,4
1372,4
1373,4
1374,4
1375,4
1376,4
1377,4
1378,4
1379,4
1380,4
1381,4
1382,4
1383,4
1384,4
1385,4
1386,4
1387,4
1388,4
1389,4
1390,4
1391,4
1392,4
1393,4
1394,4
1395,4
1396,4
1397,4
1398,4
1399,4
1400,4
1401,4
1402,4
1403,4
1404,4
1405,4
1406,4
1407,4
1408,4
1409,4
1410,4
1411,4
1412,4
1413,4
1414,4
1415,4
1416,4
1417,4
1418,4
1419,4
1420,4
1421,4
1422,4
1423,4
1424,4
1425,4
1426,4
1427,4
1428,4
1429,4
1430,4
1431,4
1432,4
1433,4
1434,4
1435,4
1436,4
1437,4
1438,4
1439,4
1440,4
1441,4
1442,4
1443,4
1444,4
1445,4
1446,4
1447,4
1448,4
1449,4
1450,4
1451,4
1452,4
1453,4
1454,4
1455,4
1456,4
1457,4
1458,4
1459,4
1460,4
1461,4
1462,4
1463,4
1464,4
1465,4
1466,4
1467,4
1468,4
1469,4
1470,4
1471,4
1472,4
1473,4
1474,4
1475,4
1476,4
1477,4
1478,4
1479,4
1480,4
1481,4
1482,4
1483,4
1484,4
1485,4
1486,4
1487,4
1488,4
1489,4
1490,4
1491,4
1492,4
1493,4
1494,4
1495,4
1496,4
1497,4
1498,4
1499,4
1500,4
1501,4
1502,4
1503,4
1504,4
1505,5
1506,5
1507,5
1508,5
1509,5
1510,5
1511,5
1512,5
1513,5
1514,5
1515,5
1516,5
1517,5
1518,5
1519,5
1520,5
1521,5
1522,5
1523,5
1524,5
1525,5
1526,5
1527,5
1528,5
1529,5
1530,5
1531,5
1532,5
1533,5
1534,5
1535,5
1536,5
1537,5
1538,5
1539,5
1540,5
1541,5
1542,5
1543,5
1544,5
1545,5
1546,5
1547,5
1548,5
1549,5
1550,5
1551,5
1552,5
1553,5
1554,5
1555,5
1556,5
1557,5
1558,5
1559,5
1560,5
1561,5
1562,5
1563,5
1564,5
1565,5
1566,5
1567,5
1568,5
1569,5
1570,5
1571,5
1572,5
1573,5
1574,5
1575,5
1576,5
1577,5
1578,5
1579,5
1580,5
1581,5
1582,5
1583,5
1584,5
1585,5
1586,5
1587,5
1588,5
1589,5
1590,5
1591,5
1592,5
1593,5
1594,5
1595,5
1596,5
1597,5
1598,5
1599,5
1600,5
1601,5
1602,5
1603,5
1604,5
1605,5
1606,5
1607,5
1608,5
1609,5
1610,5
1611,5
1612,5
1613,5
1614,5
1615,5
1616,5
1617,5
1618,5
1619,5
1620,5
1621,5
1622,5
1623,5
1624,5
1625,5
1626,5
1627,5
1628,5
1629,5
1630,5
1631,5
1632,5
1633,5
1634,5
1635,5
1636,5
1637,5
1638,5
1639,5
1640,5
1641,5
1642,5
1643,5
1644,5
1645,5
1646,5
1647,5
1648,5
1649,5
1650,5
1651,5
1652,5
1653,5
1654,5
1655,5
1656,5
1657,5
1658,5
1659,5
1660,5
1661,5
1662,5
1663,5
1664,5
1665,5
1666,5
1667,5
1668,5
1669,5
1670,5
1671,5
1672,5
1673,5
1674,5
1675,5
1676,5
1677,5
1678,5
1679,5
1680,5
1681,5
1682,5
1683,5
1684,5
1685,5
1686,5
1687,5
1688,5
1689,5
1690,5
1691,5
1692,5
1693,5
1694,5
1695,5
1696,5
1697,5
1698,5
1699,5
1700,5
1701,5
1702,5
1703,5
1704,5
1705,5
1706,5
1707,5
1708,5
1709,5
1710,5
1711,5
1712,5
1713,5
1714,5
1715,5
1716,5
1717,5
1718,5
1719,5
1720,5
1721,5
1722,5
1723,5
1724,5
1725,5
1726,5
1727,5
1728,5
1729,5
1730,5
1731,5
1732,5
1733,5
1734,5
1735,5
1736,5
1737,5
1738,5
1739,5
1740,5
1741,5
1742,5
1743,5
1744,5
1745,5
1746,5
1747,5
1748,5
1749,5
1750,5
1751,5
1752,5
1753,5
1754,5
1755,5
1756,5
1757,5
1758,5
1759,5
1760,5
1761,5
1762,5
1763,5
1764,5
1765,5
1766,5
1767,5
1768,5
1769,5
1770,5
1771,5
1772,5
1773,5
1774,5
1775,5
1776,5
1777,5
1778,5
1779,5
1780,5
1781,5
1782,5
1783,5
1784,5
1785,5
1786,5
1787,5
1788,5
1789,5
1790,5
1791,5
1792,5
1793,5
1794,5
1795,5
1796,5
1797,5
1798,5
1799,5
1800,5
1801,5
1802,5
1803,5
1804,5
1805,5
1806,6
1807,6
1808,6
1809,6
1810,6
1811,6
1812,6
1813,6
1814,6
1815,6
1816,6
1817,6
1818,6
1819,6
1820,6
1821,6
1822,6
1823,6
1824,6
1825,6
1826,6
1827,6
1828,6
1829,6
1830,6
1831,6
1832,6
1833,6
1834,6
1835,6
1836,6
1837,6
1838,6
1839,6
1840,6
1841,6
1842,6
1843,6
1844,6
1845,6
1846,6
1847,6
1848,6
1849,6
1850,6
1851,6
1852,6
1853,6
1854,6
1855,6
1856,6
1857,6
1858,6
1859,6
1860,6
1861,6
1862,6
1863,6
1864,6
1865,6
1866,6
1867,6
1868,6
1869,6
1870,6
1871,6
1872,6
1873,6
1874,6
1875,6
1876,6
1877,6
1878,6
1879,6
1880,6
1881,6
1882,6
1883,6
1884,6
1885,6
1886,6
1887,6
1888,6
1889,6
1890,6
1891,6
1892,6
1893,6
1894,6
1895,6
1896,6
1897,6
1898,6
1899,6
1900,6
1901,6
1902,6
1903,6
1904,6
1905,6
1906,6
1907,6
1908,6
1909,6
1910,6
1911,6
1912,6
1913,6
1914,6
1915,6
1916,6
1917,6
1918,6
1919,6
1920,6
1921,6
1922,6
1923,6
1924,6
1925,6
1926,6
1927,6
1928,6
1929,6
1930,6
1931,6
1932,6
1933,6
1934,6
1935,6
1936,6
1937,6
1938,6
1939,6
1940,6
1941,6
1942,6
1943,6
1944,6
1945,6
1946,6
1947,6
1948,6
1949,6
1950,6
1951,6
1952,6
1953,6
1954,6
1955,6
1956,6
1957,6
1958,6
1959,6
1960,6
1961,6
1962,6
1963,6
1964,6
1965,6
1966,6
1967,6
1968,6
1969,6
1970,6
1971,6
1972,6
1973,6
1974,6
1975,6
1976,6
1977,6
1978,6
1979,6
1980,6
1981,6
1982,6
1983,6
1984,6
1985,6
1986,6
1987,6
1988,6
1989,6
1990,6
1991,6
1992,6
1993,6
1994,6
1995,6
1996,6
1997,6
1998,6
1999,6
2000,6
2001,6
2002,6
2003,6
2004,6
2005,6
2006,6
2007,6
2008,6
2009,6
2010,6
2011,6
2012,6
2013,6
2014,6
2015,6
2016,6
2017,6
2018,6
2019,6
2020,6
2021,6
2022,6
2023,6
2024,6
2025,6
2026,6
2027,6
2028,6
2029,6
2030,6
2031,6
2032,6
2033,6
2034,6
2035,6
2036,6
2037,6
2038,6
2039,6
2040,6
2041,6
2042,6
2043,6
2044,6
2045,6
2046,6
2047,6
2048,6
2049,6
2050,6
2051,6
2052,6
2053,6
2054,6
2055,6
2056,6
2057,6
2058,6
2059,6
2060,6
2061,6
2062,6
2063,6
2064,6
2065,6
2066,6
2067,6
2068,6
2069,6
2070,6
2071,6
2072,6
2073,6
2074,6
2075,6
2076,6
2077,6
2078,6
2079,6
2080,6
2081,6
2082,6
2083,6
2084,6
2085,6
2086,6
2087,6
2088,6
2089,6
2090,6
2091,6
2092,6
2093,6
2094,6
2095,6
2096,6
2097,6
2098,6
2099,6
2100,6
2101,6
2102,6
2103,6
2104,6
2105,6
2106,6
2107,7
2108,7
2109,7
2110,7
2111,7
2112,7
2113,7
2114,7
2115,7
2116,7
2117,7
2118,7
2119,7
2120,7
2121,7
2122,7
2123,7
2124,7
2125,7
2126,7
2127,7
2128,7
2129,7
2130,7
2131,7
2132,7
2133,7
2134,7
2135,7
2136,7
2137,7
2138,7
2139,7
2140,7
2141,7
2142,7
2143,7
2144,7
2145,7
2146,7
2147,7
2148,7
2149,7
2150,7
2151,7
2152,7
2153,7
2154,7
2155,7
2156,7
2157,7
2158,7
2159,7
2160,7
2161,7
2162,7
2163,7
2164,7
2165,7
2166,7
2167,7
2168,7
2169,7
2170,7
2171,7
2172,7
2173,7
2174,7
2175,7
2176,7
2177,7
2178,7
2179,7
2180,7
2181,7
2182,7
2183,7
2184,7
2185,7
2186,7
2187,7
2188,7
2189,7
2190,7
2191,7
2192,7
2193,7
2194,7
2195,7
2196,7
2197,7
2198,7
2199,7
2200,7
2201,7
2202,7
2203,7
2204,7
2205,7
2206,7
2207,7
2208,7
2209,7
2210,7
2211,7
2212,7
2213,7
2214,7
2215,7
2216,7
2217,7
2218,7
2219,7
2220,7
2221,7
2222,7
2223,7
2224,7
2225,7
2226,7
2227,7
2228,7
2229,7
2230,7
2231,7
2232,7
2233,7
2234,7
2235,7
2236,7
2237,7
2238,7
2239,7
2240,7
2241,7
2242,7
2243,7
2244,7
2245,7
2246,7
2247,7
2248,7
2249,7
2250,7
2251,7
2252,7
2253,7
2254,7
2255,7
2256,7
2257,7
2258,7
2259,7
2260,7
2261,7
2262,7
2263,7
2264,7
2265,7
2266,7
2267,7
2268,7
2269,7
2270,7
2271,7
2272,7
2273,7
2274,7
2275,7
2276,7
2277,7
2278,7
2279,7
2280,7
2281,7
2282,7
2283,7
2284,7
2285,7
2286,7
2287,7
2288,7
2289,7
2290,7
2291,7
2292,7
2293,7
2294,7
2295,7
2296,7
2297,7
2298,7
2299,7
2300,7
2301,7
2302,7
2303,7
2304,7
2305,7
2306,7
2307,7
2308,7
2309,7
2310,7
2311,7
2312,7
2313,7
2314,7
2315,7
2316,7
2317,7
2318,7
2319,7
2320,7
2321,7
2322,7
2323,7
2324,7
2325,7
2326,7
2327,7
2328,7
2329,7
2330,7
2331,7
2332,7
2333,7
2334,7
2335,7
2336,7
2337,7
2338,7
2339,7
2340,7
2341,7
2342,7
2343,7
2344,7
2345,7
2346,7
2347,7
2348,7
2349,7
2350,7
2351,7
2352,7
2353,7
2354,7
2355,7
2356,7
2357,7
2358,7
2359,7
2360,7
2361,7
2362,7
2363,7
2364,7
2365,7
2366,7
2367,7
2368,7
2369,7
2370,7
2371,7
2372,7
2373,7
2374,7
2375,7
2376,7
2377,7
2378,7
2379,7
2380,7
2381,7
2382,7
2383,7
2384,7
2385,7
2386,7
2387,7
2388,7
2389,7
2390,7
2391,7
2392,7
2393,7
2394,7
2395,7
2396,7
2397,7
2398,7
2399,7
2400,7
2401,7
2402,7
2403,7
2404,7
2405,7
2406,7
2407,7
2408,8
2409,8
2410,8
2411,8
2412,8
2413,8
2414,8
2415,8
2416,8
2417,8
2418,8
2419,8
2420,8
2421,8
2422,8
2423,8
2424,8
2425,8
2426,8
2427,8
2428,8
2429,8
2430,8
2431,8
2432,8
2433,8
2434,8
2435,8
2436,8
2437,8
2438,8
2439,8
2440,8
2441,8
2442,8
2443,8
2444,8
2445,8
2446,8
2447,8
2448,8
2449,8
2450,8
2451,8
2452,8
2453,8
2454,8
2455,8
2456,8
2457,8
2458,8
2459,8
2460,8
2461,8
2462,8
2463,8
2464,8
2465,8
2466,8
2467,8
2468,8
2469,8
2470,8
2471,8
2472,8
2473,8
2474,8
2475,8
2476,8
2477,8
2478,8
2479,8
2480,8
2481,8
2482,8
2483,8
2484,8
2485,8
2486,8
2487,8
2488,8
2489,8
2490,8
2491,8
2492,8
2493,8
2494,8
2495,8
2496,8
2497,8
2498,8
2499,8
2500,8
2501,8
2502,8
2503,8
2504,8
2505,8
2506,8
2507,8
2508,8
2509,8
2510,8
2511,8
2512,8
2513,8
2514,8
2515,8
2516,8
2517,8
2518,8
2519,8
2520,8
2521,8
2522,8
2523,8
2524,8
2525,8
2526,8
2527,8
2528,8
2529,8
2530,8
2531,8
2532,8
2533,8
2534,8
2535,8
2536,8
2537,8
2538,8
2539,8
2540,8
2541,8
2542,8
2543,8
2544,8
2545,8
2546,8
2547,8
2548,8
2549,8
2550,8
2551,8
2552,8
2553,8
2554,8
2555,8
2556,8
2557,8
2558,8
2559,8
2560,8
2561,8
2562,8
2563,8
2564,8
2565,8
2566,8
2567,8
2568,8
2569,8
2570,8
2571,8
2572,8
2573,8
2574,8
2575,8
2576,8
2577,8
2578,8
2579,8
2580,8
2581,8
2582,8
2583,8
2584,8
2585,8
2586,8
2587,8
2588,8
2589,8
2590,8
2591,8
2592,8
2593,8
2594,8
2595,8
2596,8
2597,8
2598,8
2599,8
2600,8
2601,8
2602,8
2603,8
2604,8
2605,8
2606,8
2607,8
2608,8
2609,8
2610,8
2611,8
2612,8
2613,8
2614,8
2615,8
2616,8
2617,8
2618,8
2619,8
2620,8
2621,8
2622,8
2623,8
2624,8
2625,8
2626,8
2627,8
2628,8
2629,8
2630,8
2631,8
2632,8
2633,8
2634,8
2635,8
2636,8
2637,8
2638,8
2639,8
2640,8
2641,8
2642,8
2643,8
2644,8
2645,8
2646,8
2647,8
2648,8
2649,8
2650,8
2651,8
2652,8
2653,8
2654,8
2655,8
2656,8
2657,8
2658,8
2659,8
2660,8
2661,8
2662,8
2663,8
2664,8
2665,8
2666,8
2667,8
2668,8
2669,8
2670,8
2671,8
2672,8
2673,8
2674,8
2675,8
2676,8
2677,8
2678,8
2679,8
2680,8
2681,8
2682,8
2683,8
2684,8
2685,8
2686,8
2687,8
2688,8
2689,8
2690,8
2691,8
2692,8
2693,8
2694,8
2695,8
2696,8
2697,8
2698,8
2699,8
2700,8
2701,8
2702,8
2703,8
2704,8
2705,8
2706,8
2707,8
2708,8
2709,9
2710,9
2711,9
2712,9
2713,9
2714,9
2715,9
2716,9
2717,9
2718,9
2719,9
2720,9
2721,9
2722,9
2723,9
2724,9
2725,9
2726,9
2727,9
2728,9
2729,9
2730,9
2731,9
2732,9
2733,9
2734,9
2735,9
2736,9
2737,9
2738,9
2739,9
2740,9
2741,9
2742,9
2743,9
2744,9
2745,9
2746,9
2747,9
2748,9
2749,9
2750,9
2751,9
2752,9
2753,9
2754,9
2755,9
2756,9
2757,9
2758,9
2759,9
2760,9
2761,9
2762,9
2763,9
2764,9
2765,9
2766,9
2767,9
2768,9
2769,9
2770,9
2771,9
2772,9
2773,9
2774,9
2775,9
2776,9
2777,9
2778,9
2779,9
2780,9
2781,9
2782,9
2783,9
2784,9
2785,9
2786,9
2787,9
2788,9
2789,9
2790,9
2791,9
2792,9
2793,9
2794,9
2795,9
2796,9
2797,9
2798,9
2799,9
2800,9
2801,9
2802,9
2803,9
2804,9
2805,9
2806,9
2807,9
2808,9
2809,9
2810,9
2811,9
2812,9
2813,9
2814,9
2815,9
2816,9
2817,9
2818,9
2819,9
2820,9
2821,9
2822,9
2823,9
2824,9
2825,9
2826,9
2827,9
2828,9
2829,9
2830,9
2831,9
2832,9
2833,9
2834,9
2835,9
2836,9
2837,9
2838,9
2839,9
2840,9
2841,9
2842,9
2843,9
2844,9
2845,9
2846,9
2847,9
2848,9
2849,9
2850,9
2851,9
2852,9
2853,9
2854,9
2855,9
2856,9
2857,9
2858,9
2859,9
2860,9
2861,9
2862,9
2863,9
2864,9
2865,9
2866,9
2867,9
2868,9
2869,9
2870,9
2871,9
2872,9
2873,9
2874,9
2875,9
2876,9
2877,9
2878,9
2879,9
2880,9
2881,9
2882,9
2883,9
2884,9
2885,9
2886,9
2887,9
2888,9
2889,9
2890,9
2891,9
2892,9
2893,9
2894,9
2895,9
2896,9
2897,9
2898,9
2899,9
2900,9
2901,9
2902,9
2903,9
2904,9
2905,9
2906,9
2907,9
2908,9
2909,9
2910,9
2911,9
2912,9
2913,9
2914,9
2915,9
2916,9
2917,9
2918,9
2919,9
2920,9
2921,9
2922,9
2923,9
2924,9
2925,9
2926,9
2927,9
2928,9
2929,9
2930,9
2931,9
2932,9
2933,9
2934,9
2935,9
2936,9
2937,9
2938,9
2939,9
2940,9
2941,9
2942,9
2943,9
2944,9
2945,9
2946,9
2947,9
2948,9
2949,9
2950,9
2951,9
2952,9
2953,9
2954,9
2955,9
2956,9
2957,9
2958,9
2959,9
2960,9
2961,9
2962,9
2963,9
2964,9
2965,9
2966,9
2967,9
2968,9
2969,9
2970,9
2971,9
2972,9
2973,9
2974,9
2975,9
2976,9
2977,9
2978,9
2979,9
2980,9
2981,9
2982,9
2983,9
2984,9
2985,9
2986,9
2987,9
2988,9
2989,9
2990,9
2991,9
2992,9
2993,9
2994,9
2995,9
2996,9
2997,9
2998,9
2999,9
3000,9
3001,9
3002,9
3003,9
3004,9
3005,9
3006,9
3007,9
3008,9
3009,9
3010,9
3011,9
3012,9
3013,9
3014,10
3015,10
3016,10
3017,10
3018,10
3019,10
3020,10
3021,10
3022,10
3023,10
3024,10
3025,10
3026,10
3027,10
3028,10
3029,10
3030,10
3031,10
3032,10
3033,10
3034,10
3035,10
3036,10
3037,10
3038,10
3039,10
3040,10
3041,10
3042,10
3043,10
3044,10
3045,10
3046,10
3047,10
3048,10
3049,10
3050,10
3051,10
3052,10
3053,10
3054,10
3055,10
3056,10
3057,10
3058,10
3059,10
3060,10
3061,10
3062,10
3063,10
3064,10
3065,10
3066,10
3067,10
3068,10
3069,10
3070,10
3071,10
3072,10
3073,10
3074,10
3075,10
3076,10
3077,10
3078,10
3079,10
3080,10
3081,10
3082,10
3083,10
3084,10
3085,10
3086,10
3087,10
3088,10
3089,10
3090,10
3091,10
3092,10
3093,10
3094,10
3095,10
3096,10
3097,10
3098,10
3099,10
3100,10
3101,10
3102,10
3103,10
3104,10
3105,10
3106,10
3107,10
3108,10
3109,10
3110,10
3111,10
3112,10
3113,10
3114,10
3115,10
3116,10
3117,10
3118,10
3119,10
3120,10
3121,10
3122,10
3123,10
3124,10
3125,10
3126,10
3127,10
3128,10
3129,10
3130,10
3131,10
3132,10
3133,10
3134,10
3135,10
3136,10
3137,10
3138,10
3139,10
3140,10
3141,10
3142,10
3143,10
3144,10
3145,10
3146,10
3147,10
3148,10
3149,10
3150,10
3151,10
3152,10
3153,10
3154,10
3155,10
3156,10
3157,10
3158,10
3159,10
3160,10
3161,10
3162,10
3163,10
3164,10
3165,10
3166,10
3167,10
3168,10
3169,10
3170,10
3171,10
3172,10
3173,10
3174,10
3175,10
3176,10
3177,10
3178,10
3179,10
3180,10
3181,10
3182,10
3183,10
3184,10
3185,10
3186,10
3187,10
3188,10
3189,10
3190,10
3191,10
3192,10
3193,10
3194,10
3195,10
3196,10
3197,10
3198,10
3199,10
3200,10
3201,10
3202,10
3203,10
3204,10
3205,10
3206,10
3207,10
3208,10
3209,10
3210,10
3211,10
3212,10
3213,10
3214,10
3215,10
3216,10
3217,10
3218,10
3219,10
3220,10
3221,10
3222,10
3223,10
3224,10
3225,10
3226,10
3227,10
3228,10
3229,10
3230,10
3231,10
3232,10
3233,10
3234,10
3235,10
3236,10
3237,10
3238,10
3239,10
3240,10
3241,10
3242,10
3243,10
3244,10
3245,10
3246,10
3247,10
3248,10
3249,10
3250,10
3251,10
3252,10
3253,10
3254,10
3255,10
3256,10
3257,10
3258,10
3259,10
3260,10
3261,10
3262,10
3263,10
3264,10
3265,10
3266,10
3267,10
3268,10
3269,10
3270,10
3271,10
3272,10
3273,10
3274,10
3275,10
3276,10
3277,10
3278,10
3279,10
3280,10
3281,10
3282,10
3283,10
3284,10
3285,10
3286,10
3287,10
3288,10
3289,10
3290,10
3291,10
3292,10
3293,10
3294,10
3295,10
3296,10
3297,10
3298,10
3299,10
3300,10
3301,10
3302,10
3303,10
3304,10
3305,10
3306,10
3307,10
3308,10
3309,10
3310,10
3311,10
3312,10
3313,10
3314,10
3315,11
3316,11
3317,11
3318,11
3319,11
3320,11
3321,11
3322,11
3323,11
3324,11
3325,11
3326,11
3327,11
3328,11
3329,11
3330,11
3331,11
3332,11
3333,11
3334,11
3335,11
3336,11
3337,11
3338,11
3339,11
3340,11
3341,11
3342,11
3343,11
3344,11
3345,11
3346,11
3347,11
3348,11
3349,11
3350,11
3351,11
3352,11
3353,11
3354,11
3355,11
3356,11
3357,11
3358,11
3359,11
3360,11
3361,11
3362,11
3363,11
3364,11
3365,11
3366,11
3367,11
3368,11
3369,11
3370,11
3371,11
3372,11
3373,11
3374,11
3375,11
3376,11
3377,11
3378,11
3379,11
3380,11
3381,11
3382,11
3383,11
3384,11
3385,11
3386,11
3387,11
3388,11
3389,11
3390,11
3391,11
3392,11
3393,11
3394,11
3395,11
3396,11
3397,11
3398,11
3399,11
3400,11
3401,11
3402,11
3403,11
3404,11
3405,11
3406,11
3407,11
3408,11
3409,11
3410,11
3411,11
3412,11
3413,11
3414,11
3415,11
3416,11
3417,11
3418,11
3419,11
3420,11
3421,11
3422,11
3423,11
3424,11
3425,11
3426,11
3427,11
3428,11
3429,11
3430,11
3431,11
3432,11
3433,11
3434,11
3435,11
3436,11
3437,11
3438,11
3439,11
3440,11
3441,11
3442,11
3443,11
3444,11
3445,11
3446,11
3447,11
3448,11
3449,11
3450,11
3451,11
3452,11
3453,11
3454,11
3455,11
3456,11
3457,11
3458,11
3459,11
3460,11
3461,11
3462,11
3463,11
3464,11
3465,11
3466,11
3467,11
3468,11
3469,11
3470,11
3471,11
3472,11
3473,11
3474,11
3475,11
3476,11
3477,11
3478,11
3479,11
3480,11
3481,11
3482,11
3483,11
3484,11
3485,11
3486,11
3487,11
3488,11
3489,11
3490,11
3491,11
3492,11
3493,11
3494,11
3495,11
3496,11
3497,11
3498,11
3499,11
3500,11
3501,11
3502,11
3503,11
3504,11
3505,11
3506,11
3507,11
3508,11
3509,11
3510,11
3511,11
3512,11
3513,11
3514,11
3515,11
3516,11
3517,11
3518,11
3519,11
3520,11
3521,11
3522,11
3523,11
3524,11
3525,11
3526,11
3527,11
3528,11
3529,11
3530,11
3531,11
3532,11
3533,11
3534,11
3535,11
3536,11
3537,11
3538,11
3539,11
3540,11
3541,11
3542,11
3543,11
3544,11
3545,11
3546,11
3547,11
3548,11
3549,11
3550,11
3551,11
3552,11
3553,11
3554,11
3555,11
3556,11
3557,11
3558,11
3559,11
3560,11
3561,11
3562,11
3563,11
3564,11
3565,11
3566,11
3567,11
3568,11
3569,11
3570,11
3571,11
3572,11
3573,11
3574,11
3575,11
3576,11
3577,11
3578,11
3579,11
3580,11
3581,11
3582,11
3583,11
3584,11
3585,11
3586,11
3587,11
3588,11
3589,11
3590,11
3591,11
3592,11
3593,11
3594,11
3595,11
3596,11
3597,11
3598,11
3599,11
3600,11
3601,11
3602,11
3603,11
3604,11
3605,11
3606,11
3607,11
3608,11
3609,11
3610,11
3611,11
3612,11
3613,11
3614,11
3615,11
3616,12
3617,12
3618,12
3619,12
3620,12
3621,12
3622,12
3623,12
3624,12
3625,12
3626,12
3627,12
3628,12
3629,12
3630,12
3631,12
3632,12
3633,12
3634,12
3635,12
3636,12
3637,12
3638,12
3639,12
3640,12
3641,12
3642,12
3643,12
3644,12
3645,12
3646,12
3647,12
3648,12
3649,12
3650,12
3651,12
3652,12
3653,12
3654,12
3655,12
3656,12
3657,12
3658,12
3659,12
3660,12
3661,12
3662,12
3663,12
3664,12
3665,12
3666,12
3667,12
3668,12
3669,12
3670,12
3671,12
3672,12
3673,12
3674,12
3675,12
3676,12
3677,12
3678,12
3679,12
3680,12
3681,12
3682,12
3683,12
3684,12
3685,12
3686,12
3687,12
3688,12
3689,12
3690,12
3691,12
3692,12
3693,12
3694,12
3695,12
3696,12
3697,12
3698,12
3699,12
3700,12
3701,12
3702,12
3703,12
3704,12
3705,12
3706,12
3707,12
3708,12
3709,12
3710,12
3711,12
3712,12
3713,12
3714,12
3715,12
3716,12
3717,12
3718,12
3719,12
3720,12
3721,12
3722,12
3723,12
3724,12
3725,12
3726,12
3727,12
3728,12
3729,12
3730,12
3731,12
3732,12
3733,12
3734,12
3735,12
3736,12
3737,12
3738,12
3739,12
3740,12
3741,12
3742,12
3743,12
3744,12
3745,12
3746,12
3747,12
3748,12
3749,12
3750,12
3751,12
3752,12
3753,12
3754,12
3755,12
3756,12
3757,12
3758,12
3759,12
3760,12
3761,12
3762,12
3763,12
3764,12
3765,12
3766,12
3767,12
3768,12
3769,12
3770,12
3771,12
3772,12
3773,12
3774,12
3775,12
3776,12
3777,12
3778,12
3779,12
3780,12
3781,12
3782,12
3783,12
3784,12
3785,12
3786,12
3787,12
3788,12
3789,12
3790,12
3791,12
3792,12
3793,12
3794,12
3795,12
3796,12
3797,12
3798,12
3799,12
3800,12
3801,12
3802,12
3803,12
3804,12
3805,12
3806,12
3807,12
3808,12
3809,12
3810,12
3811,12
3812,12
3813,12
3814,12
3815,12
3816,12
3817,12
3818,12
3819,12
3820,12
3821,12
3822,12
3823,12
3824,12
3825,12
3826,12
3827,12
3828,12
3829,12
3830,12
3831,12
3832,12
3833,12
3834,12
3835,12
3836,12
3837,12
3838,12
3839,12
3840,12
3841,12
3842,12
3843,12
3844,12
3845,12
3846,12
3847,12
3848,12
3849,12
3850,12
3851,12
3852,12
3853,12
3854,12
3855,12
3856,12
3857,12
3858,12
3859,12
3860,12
3861,12
3862,12
3863,12
3864,12
3865,12
3866,12
3867,12
3868,12
3869,12
3870,12
3871,12
3872,12
3873,12
3874,12
3875,12
3876,12
3877,12
3878,12
3879,12
3880,12
3881,12
3882,12
3883,12
3884,12
3885,12
3886,12
3887,12
3888,12
3889,12
3890,12
3891,12
3892,12
3893,12
3894,12
3895,12
3896,12
3897,12
3898,12
3899,12
3900,12
3901,12
3902,12
3903,12
3904,12
3905,12
3906,12
3907,12
3908,12
3909,12
3910,12
3911,12
3912,12
3913,12
3914,12
3915,12
3916,12
3917,13
3918,13
3919,13
3920,13
3921,13
3922,13
3923,13
3924,13
3925,13
3926,13
3927,13
3928,13
3929,13
3930,13
3931,13
3932,13
3933,13
3934,13
3935,13
3936,13
3937,13
3938,13
3939,13
3940,13
3941,13
3942,13
3943,13
3944,13
3945,13
3946,13
3947,13
3948,13
3949,13
3950,13
3951,13
3952,13
3953,13
3954,13
3955,13
3956,13
3957,13
3958,13
3959,13
3960,13
3961,13
3962,13
3963,13
3964,13
3965,13
3966,13
3967,13
3968,13
3969,13
3970,13
3971,13
3972,13
3973,13
3974,13
3975,13
3976,13
3977,13
3978,13
3979,13
3980,13
3981,13
3982,13
3983,13
3984,13
3985,13
3986,13
3987,13
3988,13
3989,13
3990,13
3991,13
3992,13
3993,13
3994,13
3995,13
3996,13
3997,13
3998,13
3999,13
4000,13
4001,13
4002,13
4003,13
4004,13
4005,13
4006,13
4007,13
4008,13
4009,13
4010,13
4011,13
4012,13
4013,13
4014,13
4015,13
4016,13
4017,13
4018,13
4019,13
4020,13
4021,13
4022,13
4023,13
4024,13
4025,13
4026,13
4027,13
4028,13
4029,13
4030,13
4031,13
4032,13
4033,13
4034,13
4035,13
4036,13
4037,13
4038,13
4039,13
4040,13
4041,13
4042,13
4043,13
4044,13
4045,13
4046,13
4047,13
4048,13
4049,13
4050,13
4051,13
4052,13
4053,13
4054,13
4055,13
4056,13
4057,13
4058,13
4059,13
4060,13
4061,13
4062,13
4063,13
4064,13
4065,13
4066,13
4067,13
4068,13
4069,13
4070,13
4071,13
4072,13
4073,13
4074,13
4075,13
4076,13
4077,13
4078,13
4079,13
4080,13
4081,13
4082,13
4083,13
4084,13
4085,13
4086,13
4087,13
4088,13
4089,13
4090,13
4091,13
4092,13
4093,13
4094,13
4095,13
4096,13
4097,13
4098,13
4099,13
4100,13
4101,13
4102,13
4103,13
4104,13
4105,13
4106,13
4107,13
4108,13
4109,13
4110,13
4111,13
4112,13
4113,13
4114,13
4115,13
4116,13
4117,13
4118,13
4119,13
4120,13
4121,13
4122,13
4123,13
4124,13
4125,13
4126,13
4127,13
4128,13
4129,13
4130,13
4131,13
4132,13
4133,13
4134,13
4135,13
4136,13
4137,13
4138,13
4139,13
4140,13
4141,13
4142,13
4143,13
4144,13
4145,13
4146,13
4147,13
4148,13
4149,13
4150,13
4151,13
4152,13
4153,13
4154,13
4155,13
4156,13
4157,13
4158,13
4159,13
4160,13
4161,13
4162,13
4163,13
4164,13
4165,13
4166,13
4167,13
4168,13
4169,13
4170,13
4171,13
4172,13
4173,13
4174,13
4175,13
4176,13
4177,13
4178,13
4179,13
4180,13
4181,13
4182,13
4183,13
4184,13
4185,13
4186,13
4187,13
4188,13
4189,13
4190,13
4191,13
4192,13
4193,13
4194,13
4195,13
4196,13
4197,13
4198,13
4199,13
4200,13
4201,13
4202,13
4203,13
4204,13
4205,13
4206,13
4207,13
4208,13
4209,13
4210,13
4211,13
4212,13
4213,13
4214,13
4215,13
4216,13
4217,13
4218,14
4219,14
4220,14
4221,14
4222,14
4223,14
4224,14
4225,14
4226,14
4227,14
4228,14
4229,14
4230,14
4231,14
4232,14
4233,14
4234,14
4235,14
4236,14
4237,14
4238,14
4239,14
4240,14
4241,14
4242,14
4243,14
4244,14
4245,14
4246,14
4247,14
4248,14
4249,14
4250,14
4251,14
4252,14
4253,14
4254,14
4255,14
4256,14
4257,14
4258,14
4259,14
4260,14
4261,14
4262,14
4263,14
4264,14
4265,14
4266,14
4267,14
4268,14
4269,14
4270,14
4271,14
4272,14
4273,14
4274,14
4275,14
4276,14
4277,14
4278,14
4279,14
4280,14
4281,14
4282,14
4283,14
4284,14
4285,14
4286,14
4287,14
4288,14
4289,14
4290,14
4291,14
4292,14
4293,14
4294,14
4295,14
4296,14
4297,14
4298,14
4299,14
4300,14
4301,14
4302,14
4303,14
4304,14
4305,14
4306,14
4307,14
4308,14
4309,14
4310,14
4311,14
4312,14
4313,14
4314,14
4315,14
4316,14
4317,14
4318,14
4319,14
4320,14
4321,14
4322,14
4323,14
4324,14
4325,14
4326,14
4327,14
4328,14
4329,14
4330,14
4331,14
4332,14
4333,14
4334,14
4335,14
4336,14
4337,14
4338,14
4339,14
4340,14
4341,14
4342,14
4343,14
4344,14
4345,14
4346,14
4347,14
4348,14
4349,14
4350,14
4351,14
4352,14
4353,14
4354,14
4355,14
4356,14
4357,14
4358,14
4359,14
4360,14
4361,14
4362,14
4363,14
4364,14
4365,14
4366,14
4367,14
4368,14
4369,14
4370,14
4371,14
4372,14
4373,14
4374,14
4375,14
4376,14
4377,14
4378,14
4379,14
4380,14
4381,14
4382,14
4383,14
4384,14
4385,14
4386,14
4387,14
4388,14
4389,14
4390,14
4391,14
4392,14
4393,14
4394,14
4395,14
4396,14
4397,14
4398,14
4399,14
4400,14
4401,14
4402,14
4403,14
4404,14
4405,14
4406,14
4407,14
4408,14
4409,14
4410,14
4411,14
4412,14
4413,14
4414,14
4415,14
4416,14
4417,14
4418,14
4419,14
4420,14
4421,14
4422,14
4423,14
4424,14
4425,14
4426,14
4427,14
4428,14
4429,14
4430,14
4431,14
4432,14
4433,14
4434,14
4435,14
4436,14
4437,14
4438,14
4439,14
4440,14
4441,14
4442,14
4443,14
4444,14
4445,14
4446,14
4447,14
4448,14
4449,14
4450,14
4451,14
4452,14
4453,14
4454,14
4455,14
4456,14
4457,14
4458,14
4459,14
4460,14
4461,14
4462,14
4463,14
4464,14
4465,14
4466,14
4467,14
4468,14
4469,14
4470,14
4471,14
4472,14
4473,14
4474,14
4475,14
4476,14
4477,14
4478,14
4479,14
4480,14
4481,14
4482,14
4483,14
4484,14
4485,14
4486,14
4487,14
4488,14
4489,14
4490,14
4491,14
4492,14
4493,14
4494,14
4495,14
4496,14
4497,14
4498,14
4499,14
4500,14
4501,14
4502,14
4503,14
4504,14
4505,14
4506,14
4507,14
4508,14
4509,14
4510,14
4511,14
4512,14
4513,14
4514,14
4515,14
4516,14
4517,14
4518,14
4519,15
4520,15
4521,15
4522,15
4523,15
4524,15
4525,15
4526,15
4527,15
4528,15
4529,15
4530,15
4531,15
4532,15
4533,15
4534,15
4535,15
4536,15
4537,15
4538,15
4539,15
4540,15
4541,15
4542,15
4543,15
4544,15
4545,15
4546,15
4547,15
4548,15
4549,15
4550,15
4551,15
4552,15
4553,15
4554,15
4555,15
4556,15
4557,15
4558,15
4559,15
4560,15
4561,15
4562,15
4563,15
4564,15
4565,15
4566,15
4567,15
4568,15
4569,15
4570,15
4571,15
4572,15
4573,15
4574,15
4575,15
4576,15
4577,15
4578,15
4579,15
4580,15
4581,15
4582,15
4583,15
4584,15
4585,15
4586,15
4587,15
4588,15
4589,15
4590,15
4591,15
4592,15
4593,15
4594,15
4595,15
4596,15
4597,15
4598,15
4599,15
4600,15
4601,15
4602,15
4603,15
4604,15
4605,15
4606,15
4607,15
4608,15
4609,15
4610,15
4611,15
4612,15
4613,15
4614,15
4615,15
4616,15
4617,15
4618,15
4619,15
4620,15
4621,15
4622,15
4623,15
4624,15
4625,15
4626,15
4627,15
4628,15
4629,15
4630,15
4631,15
4632,15
4633,15
4634,15
4635,15
4636,15
4637,15
4638,15
4639,15
4640,15
4641,15
4642,15
4643,15
4644,15
4645,15
4646,15
4647,15
4648,15
4649,15
4650,15
4651,15
4652,15
4653,15
4654,15
4655,15
4656,15
4657,15
4658,15
4659,15
4660,15
4661,15
4662,15
4663,15
4664,15
4665,15
4666,15
4667,15
4668,15
4669,15
4670,15
4671,15
4672,15
4673,15
4674,15
4675,15
4676,15
4677,15
4678,15
4679,15
4680,15
4681,15
4682,15
4683,15
4684,15
4685,15
4686,15
4687,15
4688,15
4689,15
4690,15
4691,15
4692,15
4693,15
4694,15
4695,15
4696,15
4697,15
4698,15
4699,15
4700,15
4701,15
4702,15
4703,15
4704,15
4705,15
4706,15
4707,15
4708,15
4709,15
4710,15
4711,15
4712,15
4713,15
4714,15
4715,15
4716,15
4717,15
4718,15
4719,15
4720,15
4721,15
4722,15
4723,15
4724,15
4725,15
4726,15
4727,15
4728,15
4729,15
4730,15
4731,15
4732,15
4733,15
4734,15
4735,15
4736,15
4737,15
4738,15
4739,15
4740,15
4741,15
4742,15
4743,15
4744,15
4745,15
4746,15
4747,15
4748,15
4749,15
4750,15
4751,15
4752,15
4753,15
4754,15
4755,15
4756,15
4757,15
4758,15
4759,15
4760,15
4761,15
4762,15
4763,15
4764,15
4765,15
4766,15
4767,15
4768,15
4769,15
4770,15
4771,15
4772,15
4773,15
4774,15
4775,15
4776,15
4777,15
4778,15
4779,15
4780,15
4781,15
4782,15
4783,15
4784,15
4785,15
4786,15
4787,15
4788,15
4789,15
4790,15
4791,15
4792,15
4793,15
4794,15
4795,15
4796,15
4797,15
4798,15
4799,15
4800,15
4801,15
4802,15
4803,15
4804,15
4805,15
4806,15
4807,15
4808,15
4809,15
4810,15
4811,15
4812,15
4813,15
4814,15
4815,15
4816,15
4817,15
4818,15
4819,15
4820,16
4821,16
4822,16
4823,16
4824,16
4825,16
4826,16
4827,16
4828,16
4829,16
4830,16
4831,16
4832,16
4833,16
4834,16
4835,16
4836,16
4837,16
4838,16
4839,16
4840,16
4841,16
4842,16
4843,16
4844,16
4845,16
4846,16
4847,16
4848,16
4849,16
4850,16
4851,16
4852,16
4853,16
4854,16
4855,16
4856,16
4857,16
4858,16
4859,16
4860,16
4861,16
4862,16
4863,16
4864,16
4865,16
4866,16
4867,16
4868,16
4869,16
4870,16
4871,16
4872,16
4873,16
4874,16
4875,16
4876,16
4877,16
4878,16
4879,16
4880,16
4881,16
4882,16
4883,16
4884,16
4885,16
4886,16
4887,16
4888,16
4889,16
4890,16
4891,16
4892,16
4893,16
4894,16
4895,16
4896,16
4897,16
4898,16
4899,16
4900,16
4901,16
4902,16
4903,16
4904,16
4905,16
4906,16
4907,16
4908,16
4909,16
4910,16
4911,16
4912,16
4913,16
4914,16
4915,16
4916,16
4917,16
4918,16
4919,16
4920,16
4921,16
4922,16
4923,16
4924,16
4925,16
4926,16
4927,16
4928,16
4929,16
4930,16
4931,16
4932,16
4933,16
4934,16
4935,16
4936,16
4937,16
4938,16
4939,16
4940,16
4941,16
4942,16
4943,16
4944,16
4945,16
4946,16
4947,16
4948,16
4949,16
4950,16
4951,16
4952,16
4953,16
4954,16
4955,16
4956,16
4957,16
4958,16
4959,16
4960,16
4961,16
4962,16
4963,16
4964,16
4965,16
4966,16
4967,16
4968,16
4969,16
4970,16
4971,16
4972,16
4973,16
4974,16
4975,16
4976,16
4977,16
4978,16
4979,16
4980,16
4981,16
4982,16
4983,16
4984,16
4985,16
4986,16
4987,16
4988,16
4989,16
4990,16
4991,16
4992,16
4993,16
4994,16
4995,16
4996,16
4997,16
4998,16
4999,16
5000,16
5001,16
5002,16
5003,16
5004,16
5005,16
5006,16
5007,16
5008,16
5009,16
5010,16
5011,16
5012,16
5013,16
5014,16
5015,16
5016,16
5017,16
5018,16
5019,16
5020,16
5021,16
5022,16
5023,16
5024,16
5025,16
5026,16
5027,16
5028,16
5029,16
5030,16
5031,16
5032,16
5033,16
5034,16
5035,16
5036,16
5037,16
5038,16
5039,16
5040,16
5041,16
5042,16
5043,16
5044,16
5045,16
5046,16
5047,16
5048,16
5049,16
5050,16
5051,16
5052,16
5053,16
5054,16
5055,16
5056,16
5057,16
5058,16
5059,16
5060,16
5061,16
5062,16
5063,16
5064,16
5065,16
5066,16
5067,16
5068,16
5069,16
5070,16
5071,16
5072,16
5073,16
5074,16
5075,16
5076,16
5077,16
5078,16
5079,16
5080,16
5081,16
5082,16
5083,16
5084,16
5085,16
5086,16
5087,16
5088,16
5089,16
5090,16
5091,16
5092,16
5093,16
5094,16
5095,16
5096,16
5097,16
5098,16
5099,16
5100,16
5101,16
5102,16
5103,16
5104,16
5105,16
5106,16
5107,16
5108,16
5109,16
5110,16
5111,16
5112,16
5113,16
5114,16
5115,16
5116,16
5117,16
5118,16
5119,16
5120,16
5121,17
5122,17
5123,17
5124,17
5125,17
5126,17
5127,17
5128,17
5129,17
5130,17
5131,17
5132,17
5133,17
5134,17
5135,17
5136,17
5137,17
5138,17
5139,17
5140,17
5141,17
5142,17
5143,17
5144,17
5145,17
5146,17
5147,17
5148,17
5149,17
5150,17
5151,17
5152,17
5153,17
5154,17
5155,17
5156,17
5157,17
5158,17
5159,17
5160,17
5161,17
5162,17
5163,17
5164,17
5165,17
5166,17
5167,17
5168,17
5169,17
5170,17
5171,17
5172,17
5173,17
5174,17
5175,17
5176,17
5177,17
5178,17
5179,17
5180,17
5181,17
5182,17
5183,17
5184,17
5185,17
5186,17
5187,17
5188,17
5189,17
5190,17
5191,17
5192,17
5193,17
5194,17
5195,17
5196,17
5197,17
5198,17
5199,17
5200,17
5201,17
5202,17
5203,17
5204,17
5205,17
5206,17
5207,17
5208,17
5209,17
5210,17
5211,17
5212,17
5213,17
5214,17
5215,17
5216,17
5217,17
5218,17
5219,17
5220,17
5221,17
5222,17
5223,17
5224,17
5225,17
5226,17
5227,17
5228,17
5229,17
5230,17
5231,17
5232,17
5233,17
5234,17
5235,17
5236,17
5237,17
5238,17
5239,17
5240,17
5241,17
5242,17
5243,17
5244,17
5245,17
5246,17
5247,17
5248,17
5249,17
5250,17
5251,17
5252,17
5253,17
5254,17
5255,17
5256,17
5257,17
5258,17
5259,17
5260,17
5261,17
5262,17
5263,17
5264,17
5265,17
5266,17
5267,17
5268,17
5269,17
5270,17
5271,17
5272,17
5273,17
5274,17
5275,17
5276,17
5277,17
5278,17
5279,17
5280,17
5281,17
5282,17
5283,17
5284,17
5285,17
5286,17
5287,17
5288,17
5289,17
5290,17
5291,17
5292,17
5293,17
5294,17
5295,17
5296,17
5297,17
5298,17
5299,17
5300,17
5301,17
5302,17
5303,17
5304,17
5305,17
5306,17
5307,17
5308,17
5309,17
5310,17
5311,17
5312,17
5313,17
5314,17
5315,17
5316,17
5317,17
5318,17
5319,17
5320,17
5321,17
5322,17
5323,17
5324,17
5325,17
5326,17
5327,17
5328,17
5329,17
5330,17
5331,17
5332,17
5333,17
5334,17
5335,17
5336,17
5337,17
5338,17
5339,17
5340,17
5341,17
5342,17
5343,17
5344,17
5345,17
5346,17
5347,17
5348,17
5349,17
5350,17
5351,17
5352,17
5353,17
5354,17
5355,17
5356,17
5357,17
5358,17
5359,17
5360,17
5361,17
5362,17
5363,17
5364,17
5365,17
5366,17
5367,17
5368,17
5369,17
5370,17
5371,17
5372,17
5373,17
5374,17
5375,17
5376,17
5377,17
5378,17
5379,17
5380,17
5381,17
5382,17
5383,17
5384,17
5385,17
5386,17
5387,17
5388,17
5389,17
5390,17
5391,17
5392,17
5393,17
5394,17
5395,17
5396,17
5397,17
5398,17
5399,17
5400,17
5401,17
5402,17
5403,17
5404,17
5405,17
5406,17
5407,17
5408,17
5409,17
5410,17
5411,17
5412,17
5413,17
5414,17
5415,17
5416,17
5417,17
5418,17
5419,17
5420,17
5421,17
5422,18
5423,18
5424,18
5425,18
5426,18
5427,18
5428,18
5429,18
5430,18
5431,18
5432,18
5433,18
5434,18
5435,18
5436,18
5437,18
5438,18
5439,18
5440,18
5441,18
5442,18
5443,18
5444,18
5445,18
5446,18
5447,18
5448,18
5449,18
5450,18
5451,18
5452,18
5453,18
5454,18
5455,18
5456,18
5457,18
5458,18
5459,18
5460,18
5461,18
5462,18
5463,18
5464,18
5465,18
5466,18
5467,18
5468,18
5469,18
5470,18
5471,18
5472,18
5473,18
5474,18
5475,18
5476,18
5477,18
5478,18
5479,18
5480,18
5481,18
5482,18
5483,18
5484,18
5485,18
5486,18
5487,18
5488,18
5489,18
5490,18
5491,18
5492,18
5493,18
5494,18
5495,18
5496,18
5497,18
5498,18
5499,18
5500,18
5501,18
5502,18
5503,18
5504,18
5505,18
5506,18
5507,18
5508,18
5509,18
5510,18
5511,18
5512,18
5513,18
5514,18
5515,18
5516,18
5517,18
5518,18
5519,18
5520,18
5521,18
5522,18
5523,18
5524,18
5525,18
5526,18
5527,18
5528,18
5529,18
5530,18
5531,18
5532,18
5533,18
5534,18
5535,18
5536,18
5537,18
5538,18
5539,18
5540,18
5541,18
5542,18
5543,18
5544,18
5545,18
5546,18
5547,18
5548,18
5549,18
5550,18
5551,18
5552,18
5553,18
5554,18
5555,18
5556,18
5557,18
5558,18
5559,18
5560,18
5561,18
5562,18
5563,18
5564,18
5565,18
5566,18
5567,18
5568,18
5569,18
5570,18
5571,18
5572,18
5573,18
5574,18
5575,18
5576,18
5577,18
5578,18
5579,18
5580,18
5581,18
5582,18
5583,18
5584,18
5585,18
5586,18
5587,18
5588,18
5589,18
5590,18
5591,18
5592,18
5593,18
5594,18
5595,18
5596,18
5597,18
5598,18
5599,18
5600,18
5601,18
5602,18
5603,18
5604,18
5605,18
5606,18
5607,18
5608,18
5609,18
5610,18
5611,18
5612,18
5613,18
5614,18
5615,18
5616,18
5617,18
5618,18
5619,18
5620,18
5621,18
5622,18
5623,18
5624,18
5625,18
5626,18
5627,18
5628,18
5629,18
5630,18
5631,18
5632,18
5633,18
5634,18
5635,18
5636,18
5637,18
5638,18
5639,18
5640,18
5641,18
5642,18
5643,18
5644,18
5645,18
5646,18
5647,18
5648,18
5649,18
5650,18
5651,18
5652,18
5653,18
5654,18
5655,18
5656,18
5657,18
5658,18
5659,18
5660,18
5661,18
5662,18
5663,18
5664,18
5665,18
5666,18
5667,18
5668,18
5669,18
5670,18
5671,18
5672,18
5673,18
5674,18
5675,18
5676,18
5677,18
5678,18
5679,18
5680,18
5681,18
5682,18
5683,18
5684,18
5685,18
5686,18
5687,18
5688,18
5689,18
5690,18
5691,18
5692,18
5693,18
5694,18
5695,18
5696,18
5697,18
5698,18
5699,18
5700,18
5701,18
5702,18
5703,18
5704,18
5705,18
5706,18
5707,18
5708,18
5709,18
5710,18
5711,18
5712,18
5713,18
5714,18
5715,18
5716,18
5717,18
5718,18
5719,18
5720,18
5721,18
5722,18
5723,19
5724,19
5725,19
5726,19
5727,19
5728,19
5729,19
5730,19
5731,19
5732,19
5733,19
5734,19
5735,19
5736,19
5737,19
5738,19
5739,19
5740,19
5741,19
5742,19
5743,19
5744,19
5745,19
5746,19
5747,19
5748,19
5749,19
5750,19
5751,19
5752,19
5753,19
5754,19
5755,19
5756,19
5757,19
5758,19
5759,19
5760,19
5761,19
5762,19
5763,19
5764,19
5765,19
5766,19
5767,19
5768,19
5769,19
5770,19
5771,19
5772,19
5773,19
5774,19
5775,19
5776,19
5777,19
5778,19
5779,19
5780,19
5781,19
5782,19
5783,19
5784,19
5785,19
5786,19
5787,19
5788,19
5789,19
5790,19
5791,19
5792,19
5793,19
5794,19
5795,19
5796,19
5797,19
5798,19
5799,19
5800,19
5801,19
5802,19
5803,19
5804,19
5805,19
5806,19
5807,19
5808,19
5809,19
5810,19
5811,19
5812,19
5813,19
5814,19
5815,19
5816,19
5817,19
5818,19
5819,19
5820,19
5821,19
5822,19
5823,19
5824,19
5825,19
5826,19
5827,19
5828,19
5829,19
5830,19
5831,19
5832,19
5833,19
5834,19
5835,19
5836,19
5837,19
5838,19
5839,19
5840,19
5841,19
5842,19
5843,19
5844,19
5845,19
5846,19
5847,19
5848,19
5849,19
5850,19
5851,19
5852,19
5853,19
5854,19
5855,19
5856,19
5857,19
5858,19
5859,19
5860,19
5861,19
5862,19
5863,19
5864,19
5865,19
5866,19
5867,19
5868,19
5869,19
5870,19
5871,19
5872,19
5873,19
5874,19
5875,19
5876,19
5877,19
5878,19
5879,19
5880,19
5881,19
5882,19
5883,19
5884,19
5885,19
5886,19
5887,19
5888,19
5889,19
5890,19
5891,19
5892,19
5893,19
5894,19
5895,19
5896,19
5897,19
5898,19
5899,19
5900,19
5901,19
5902,19
5903,19
5904,19
5905,19
5906,19
5907,19
5908,19
5909,19
5910,19
5911,19
5912,19
5913,19
5914,19
5915,19
5916,19
5917,19
5918,19
5919,19
5920,19
5921,19
5922,19
5923,19
5924,19
5925,19
5926,19
5927,19
5928,19
5929,19
5930,19
5931,19
5932,19
5933,19
5934,19
5935,19
5936,19
5937,19
5938,19
5939,19
5940,19
5941,19
5942,19
5943,19
5944,19
5945,19
5946,19
5947,19
5948,19
5949,19
5950,19
5951,19
5952,19
5953,19
5954,19
5955,19
5956,19
5957,19
5958,19
5959,19
5960,19
5961,19
5962,19
5963,19
5964,19
5965,19
5966,19
5967,19
5968,19
5969,19
5970,19
5971,19
5972,19
5973,19
5974,19
5975,19
5976,19
5977,19
5978,19
5979,19
5980,19
5981,19
5982,19
5983,19
5984,19
5985,19
5986,19
5987,19
5988,19
5989,19
5990,19
5991,19
5992,19
5993,19
5994,19
5995,19
5996,19
5997,19
5998,19
5999,19
6000,19
6001,19
6002,19
6003,19
6004,19
6005,19
6006,19
6007,19
6008,19
6009,19
6010,19
6011,19
6012,19
6013,19
6014,19
6015,19
6016,19
6017,19
6018,19
6019,19
6020,19
6021,19
6022,19
6023,19
6024,20
6025,20
6026,20
6027,20
6028,20
6029,20
6030,20
6031,20
6032,20
6033,20
6034,20
6035,20
6036,20
6037,20
6038,20
6039,20
6040,20
6041,20
6042,20
6043,20
6044,20
6045,20
6046,20
6047,20
6048,20
6049,20
6050,20
6051,20
6052,20
6053,20
6054,20
6055,20
6056,20
6057,20
6058,20
6059,20
6060,20
6061,20
6062,20
6063,20
6064,20
6065,20
6066,20
6067,20
6068,20
6069,20
6070,20
6071,20
6072,20
6073,20
6074,20
6075,20
6076,20
6077,20
6078,20
6079,20
6080,20
6081,20
6082,20
6083,20
6084,20
6085,20
6086,20
6087,20
6088,20
6089,20
6090,20
6091,20
6092,20
6093,20
6094,20
6095,20
6096,20
6097,20
6098,20
6099,20
6100,20
6101,20
6102,20
6103,20
6104,20
6105,20
6106,20
6107,20
6108,20
6109,20
6110,20
6111,20
6112,20
6113,20
6114,20
6115,20
6116,20
6117,20
6118,20
6119,20
6120,20
6121,20
6122,20
6123,20
6124,20
6125,20
6126,20
6127,20
6128,20
6129,20
6130,20
6131,20
6132,20
6133,20
6134,20
6135,20
6136,20
6137,20
6138,20
6139,20
6140,20
6141,20
6142,20
6143,20
6144,20
6145,20
6146,20
6147,20
6148,20
6149,20
6150,20
6151,20
6152,20
6153,20
6154,20
6155,20
6156,20
6157,20
6158,20
6159,20
6160,20
6161,20
6162,20
6163,20
6164,20
6165,20
6166,20
6167,20
6168,20
6169,20
6170,20
6171,20
6172,20
6173,20
6174,20
6175,20
6176,20
6177,20
6178,20
6179,20
6180,20
6181,20
6182,20
6183,20
6184,20
6185,20
6186,20
6187,20
6188,20
6189,20
6190,20
6191,20
6192,20
6193,20
6194,20
6195,20
6196,20
6197,20
6198,20
6199,20
6200,20
6201,20
6202,20
6203,20
6204,20
6205,20
6206,20
6207,20
6208,20
6209,20
6210,20
6211,20
6212,20
6213,20
6214,20
6215,20
6216,20
6217,20
6218,20
6219,20
6220,20
6221,20
6222,20
6223,20
6224,20
6225,20
6226,20
6227,20
6228,20
6229,20
6230,20
6231,20
6232,20
6233,20
6234,20
6235,20
6236,20
6237,20
6238,20
6239,20
6240,20
6241,20
6242,20
6243,20
6244,20
6245,20
6246,20
6247,20
6248,20
6249,20
6250,20
6251,20
6252,20
6253,20
6254,20
6255,20
6256,20
6257,20
6258,20
6259,20
6260,20
6261,20
6262,20
6263,20
6264,20
6265,20
6266,20
6267,20
6268,20
6269,20
6270,20
6271,20
6272,20
6273,20
6274,20
6275,20
6276,20
6277,20
6278,20
6279,20
6280,20
6281,20
6282,20
6283,20
6284,20
6285,20
6286,20
6287,20
6288,20
6289,20
6290,20
6291,20
6292,20
6293,20
6294,20
6295,20
6296,20
6297,20
6298,20
6299,20
6300,20
6301,20
6302,20
6303,20
6304,20
6305,20
6306,20
6307,20
6308,20
6309,20
6310,20
6311,20
6312,20
6313,20
6314,20
6315,20
6316,20
6317,20
6318,20
6319,20
6320,20
6321,20
6322,20
6323,20
6324,21
6325,21
6326,21
6327,21
6328,21
6329,21
6330,21
6331,21
6332,21
6333,21
6334,21
6335,21
6336,21
6337,21
6338,21
6339,21
6340,21
6341,21
6342,21
6343,21
6344,21
6345,21
6346,21
6347,21
6348,21
6349,21
6350,21
6351,21
6352,21
6353,21
6354,21
6355,21
6356,21
6357,21
6358,21
6359,21
6360,21
6361,21
6362,21
6363,21
6364,21
6365,21
6366,21
6367,21
6368,21
6369,21
6370,21
6371,21
6372,21
6373,21
6374,21
6375,21
6376,21
6377,21
6378,21
6379,21
6380,21
6381,21
6382,21
6383,21
6384,21
6385,21
6386,21
6387,21
6388,21
6389,21
6390,21
6391,21
6392,21
6393,21
6394,21
6395,21
6396,21
6397,21
6398,21
6399,21
6400,21
6401,21
6402,21
6403,21
6404,21
6405,21
6406,21
6407,21
6408,21
6409,21
6410,21
6411,21
6412,21
6413,21
6414,21
6415,21
6416,21
6417,21
6418,21
6419,21
6420,21
6421,21
6422,21
6423,21
6424,21
6425,21
6426,21
6427,21
6428,21
6429,21
6430,21
6431,21
6432,21
6433,21
6434,21
6435,21
6436,21
6437,21
6438,21
6439,21
6440,21
6441,21
6442,21
6443,21
6444,21
6445,21
6446,21
6447,21
6448,21
6449,21
6450,21
6451,21
6452,21
6453,21
6454,21
6455,21
6456,21
6457,21
6458,21
6459,21
6460,21
6461,21
6462,21
6463,21
6464,21
6465,21
6466,21
6467,21
6468,21
6469,21
6470,21
6471,21
6472,21
6473,21
6474,21
6475,21
6476,21
6477,21
6478,21
6479,21
6480,21
6481,21
6482,21
6483,21
6484,21
6485,21
6486,21
6487,21
6488,21
6489,21
6490,21
6491,21
6492,21
6493,21
6494,21
6495,21
6496,21
6497,21
6498,21
6499,21
6500,21
6501,21
6502,21
6503,21
6504,21
6505,21
6506,21
6507,21
6508,21
6509,21
6510,21
6511,21
6512,21
6513,21
6514,21
6515,21
6516,21
6517,21
6518,21
6519,21
6520,21
6521,21
6522,21
6523,21
6524,21
6525,21
6526,21
6527,21
6528,21
6529,21
6530,21
6531,21
6532,21
6533,21
6534,21
6535,21
6536,21
6537,21
6538,21
6539,21
6540,21
6541,21
6542,21
6543,21
6544,21
6545,21
6546,21
6547,21
6548,21
6549,21
6550,21
6551,21
6552,21
6553,21
6554,21
6555,21
6556,21
6557,21
6558,21
6559,21
6560,21
6561,21
6562,21
6563,21
6564,21
6565,21
6566,21
6567,21
6568,21
6569,21
6570,21
6571,21
6572,21
6573,21
6574,21
6575,21
6576,21
6577,21
6578,21
6579,21
6580,21
6581,21
6582,21
6583,21
6584,21
6585,21
6586,21
6587,21
6588,21
6589,21
6590,21
6591,21
6592,21
6593,21
6594,21
6595,21
6596,21
6597,21
6598,21
6599,21
6600,21
6601,21
6602,21
6603,21
6604,21
6605,21
6606,21
6607,21
6608,21
6609,21
6610,21
6611,21
6612,21
6613,21
6614,21
6615,21
6616,21
6617,21
6618,21
6619,21
6620,21
6621,21
6622,21
6623,21
6624,22
6625,22
6626,22
6627,22
6628,22
6629,22
6630,22
6631,22
6632,22
6633,22
6634,22
6635,22
6636,22
6637,22
6638,22
6639,22
6640,22
6641,22
6642,22
6643,22
6644,22
6645,22
6646,22
6647,22
6648,22
6649,22
6650,22
6651,22
6652,22
6653,22
6654,22
6655,22
6656,22
6657,22
6658,22
6659,22
6660,22
6661,22
6662,22
6663,22
6664,22
6665,22
6666,22
6667,22
6668,22
6669,22
6670,22
6671,22
6672,22
6673,22
6674,22
6675,22
6676,22
6677,22
6678,22
6679,22
6680,22
6681,22
6682,22
6683,22
6684,22
6685,22
6686,22
6687,22
6688,22
6689,22
6690,22
6691,22
6692,22
6693,22
6694,22
6695,22
6696,22
6697,22
6698,22
6699,22
6700,22
6701,22
6702,22
6703,22
6704,22
6705,22
6706,22
6707,22
6708,22
6709,22
6710,22
6711,22
6712,22
6713,22
6714,22
6715,22
6716,22
6717,22
6718,22
6719,22
6720,22
6721,22
6722,22
6723,22
6724,22
6725,22
6726,22
6727,22
6728,22
6729,22
6730,22
6731,22
6732,22
6733,22
6734,22
6735,22
6736,22
6737,22
6738,22
6739,22
6740,22
6741,22
6742,22
6743,22
6744,22
6745,22
6746,22
6747,22
6748,22
6749,22
6750,22
6751,22
6752,22
6753,22
6754,22
6755,22
6756,22
6757,22
6758,22
6759,22
6760,22
6761,22
6762,22
6763,22
6764,22
6765,22
6766,22
6767,22
6768,22
6769,22
6770,22
6771,22
6772,22
6773,22
6774,22
6775,22
6776,22
6777,22
6778,22
6779,22
6780,22
6781,22
6782,22
6783,22
6784,22
6785,22
6786,22
6787,22
6788,22
6789,22
6790,22
6791,22
6792,22
6793,22
6794,22
6795,22
6796,22
6797,22
6798,22
6799,22
6800,22
6801,22
6802,22
6803,22
6804,22
6805,22
6806,22
6807,22
6808,22
6809,22
6810,22
6811,22
6812,22
6813,22
6814,22
6815,22
6816,22
6817,22
6818,22
6819,22
6820,22
6821,22
6822,22
6823,22
6824,22
6825,22
6826,22
6827,22
6828,22
6829,22
6830,22
6831,22
6832,22
6833,22
6834,22
6835,22
6836,22
6837,22
6838,22
6839,22
6840,22
6841,22
6842,22
6843,22
6844,22
6845,22
6846,22
6847,22
6848,22
6849,22
6850,22
6851,22
6852,22
6853,22
6854,22
6855,22
6856,22
6857,22
6858,22
6859,22
6860,22
6861,22
6862,22
6863,22
6864,22
6865,22
6866,22
6867,22
6868,22
6869,22
6870,22
6871,22
6872,22
6873,22
6874,22
6875,22
6876,22
6877,22
6878,22
6879,22
6880,22
6881,22
6882,22
6883,22
6884,22
6885,22
6886,22
6887,22
6888,22
6889,22
6890,22
6891,22
6892,22
6893,22
6894,22
6895,22
6896,22
6897,22
6898,22
6899,22
6900,22
6901,22
6902,22
6903,22
6904,22
6905,22
6906,22
6907,22
6908,22
6909,22
6910,22
6911,22
6912,22
6913,22
6914,22
6915,22
6916,22
6917,22
6918,22
6919,22
6920,22
6921,22
6922,22
6923,22
6924,23
6925,23
6926,23
6927,23
6928,23
6929,23
6930,23
6931,23
6932,23
6933,23
6934,23
6935,23
6936,23
6937,23
6938,23
6939,23
6940,23
6941,23
6942,23
6943,23
6944,23
6945,23
6946,23
6947,23
6948,23
6949,23
6950,23
6951,23
6952,23
6953,23
6954,23
6955,23
6956,23
6957,23
6958,23
6959,23
6960,23
6961,23
6962,23
6963,23
6964,23
6965,23
6966,23
6967,23
6968,23
6969,23
6970,23
6971,23
6972,23
6973,23
6974,23
6975,23
6976,23
6977,23
6978,23
6979,23
6980,23
6981,23
6982,23
6983,23
6984,23
6985,23
6986,23
6987,23
6988,23
6989,23
6990,23
6991,23
6992,23
6993,23
6994,23
6995,23
6996,23
6997,23
6998,23
6999,23
7000,23
7001,23
7002,23
7003,23
7004,23
7005,23
7006,23
7007,23
7008,23
7009,23
7010,23
7011,23
7012,23
7013,23
7014,23
7015,23
7016,23
7017,23
7018,23
7019,23
7020,23
7021,23
7022,23
7023,23
7024,23
7025,23
7026,23
7027,23
7028,23
7029,23
7030,23
7031,23
7032,23
7033,23
7034,23
7035,23
7036,23
7037,23
7038,23
7039,23
7040,23
7041,23
7042,23
7043,23
7044,23
7045,23
7046,23
7047,23
7048,23
7049,23
7050,23
7051,23
7052,23
7053,23
7054,23
7055,23
7056,23
7057,23
7058,23
7059,23
7060,23
7061,23
7062,23
7063,23
7064,23
7065,23
7066,23
7067,23
7068,23
7069,23
7070,23
7071,23
7072,23
7073,23
7074,23
7075,23
7076,23
7077,23
7078,23
7079,23
7080,23
7081,23
7082,23
7083,23
7084,23
7085,23
7086,23
7087,23
7088,23
7089,23
7090,23
7091,23
7092,23
7093,23
7094,23
7095,23
7096,23
7097,23
7098,23
7099,23
7100,23
7101,23
7102,23
7103,23
7104,23
7105,23
7106,23
7107,23
7108,23
7109,23
7110,23
7111,23
7112,23
7113,23
7114,23
7115,23
7116,23
7117,23
7118,23
7119,23
7120,23
7121,23
7122,23
7123,23
7124,23
7125,23
7126,23
7127,23
7128,23
7129,23
7130,23
7131,23
7132,23
7133,23
7134,23
7135,23
7136,23
7137,23
7138,23
7139,23
7140,23
7141,23
7142,23
7143,23
7144,23
7145,23
7146,23
7147,23
7148,23
7149,23
7150,23
7151,23
7152,23
7153,23
7154,23
7155,23
7156,23
7157,23
7158,23
7159,23
7160,23
7161,23
7162,23
7163,23
7164,23
7165,23
7166,23
7167,23
7168,23
7169,23
7170,23
7171,23
7172,23
7173,23
7174,23
7175,23
7176,23
7177,23
7178,23
7179,23
7180,23
7181,23
7182,23
7183,23
7184,23
7185,23
7186,23
7187,23
7188,23
7189,23
7190,23
7191,23
7192,23
7193,23
7194,23
7195,23
7196,23
7197,23
7198,23
7199,23
7200,23
7201,23
7202,23
7203,23
7204,23
7205,23
7206,23
7207,23
7208,23
7209,23
7210,23
7211,23
7212,23
7213,23
7214,23
7215,23
7216,23
7217,23
7218,23
7219,23
7220,23
7221,23
7222,23
7223,23
7224,24
7225,24
7226,24
7227,24
7228,24
7229,24
7230,24
7231,24
7232,24
7233,24
7234,24
7235,24
7236,24
7237,24
7238,24
7239,24
7240,24
7241,24
7242,24
7243,24
7244,24
7245,24
7246,24
7247,24
7248,24
7249,24
7250,24
7251,24
7252,24
7253,24
7254,24
7255,24
7256,24
7257,24
7258,24
7259,24
7260,24
7261,24
7262,24
7263,24
7264,24
7265,24
7266,24
7267,24
7268,24
7269,24
7270,24
7271,24
7272,24
7273,24
7274,24
7275,24
7276,24
7277,24
7278,24
7279,24
7280,24
7281,24
7282,24
7283,24
7284,24
7285,24
7286,24
7287,24
7288,24
7289,24
7290,24
7291,24
7292,24
7293,24
7294,24
7295,24
7296,24
7297,24
7298,24
7299,24
7300,24
7301,24
7302,24
7303,24
7304,24
7305,24
7306,24
7307,24
7308,24
7309,24
7310,24
7311,24
7312,24
7313,24
7314,24
7315,24
7316,24
7317,24
7318,24
7319,24
7320,24
7321,24
7322,24
7323,24
7324,24
7325,24
7326,24
7327,24
7328,24
7329,24
7330,24
7331,24
7332,24
7333,24
7334,24
7335,24
7336,24
7337,24
7338,24
7339,24
7340,24
7341,24
7342,24
7343,24
7344,24
7345,24
7346,24
7347,24
7348,24
7349,24
7350,24
7351,24
7352,24
7353,24
7354,24
7355,24
7356,24
7357,24
7358,24
7359,24
7360,24
7361,24
7362,24
7363,24
7364,24
7365,24
7366,24
7367,24
7368,24
7369,24
7370,24
7371,24
7372,24
7373,24
7374,24
7375,24
7376,24
7377,24
7378,24
7379,24
7380,24
7381,24
7382,24
7383,24
7384,24
7385,24
7386,24
7387,24
7388,24
7389,24
7390,24
7391,24
7392,24
7393,24
7394,24
7395,24
7396,24
7397,24
7398,24
7399,24
7400,24
7401,24
7402,24
7403,24
7404,24
7405,24
7406,24
7407,24
7408,24
7409,24
7410,24
7411,24
7412,24
7413,24
7414,24
7415,24
7416,24
7417,24
7418,24
7419,24
7420,24
7421,24
7422,24
7423,24
7424,24
7425,24
7426,24
7427,24
7428,24
7429,24
7430,24
7431,24
7432,24
7433,24
7434,24
7435,24
7436,24
7437,24
7438,24
7439,24
7440,24
7441,24
7442,24
7443,24
7444,24
7445,24
7446,24
7447,24
7448,24
7449,24
7450,24
7451,24
7452,24
7453,24
7454,24
7455,24
7456,24
7457,24
7458,24
7459,24
7460,24
7461,24
7462,24
7463,24
7464,24
7465,24
7466,24
7467,24
7468,24
7469,24
7470,24
7471,24
7472,24
7473,24
7474,24
7475,24
7476,24
7477,24
7478,24
7479,24
7480,24
7481,24
7482,24
7483,24
7484,24
7485,24
7486,24
7487,24
7488,24
7489,24
7490,24
7491,24
7492,24
7493,24
7494,24
7495,24
7496,24
7497,24
7498,24
7499,24
7500,24
7501,24
7502,24
7503,24
7504,24
7505,24
7506,24
7507,24
7508,24
7509,24
7510,24
7511,24
7512,24
7513,24
7514,24
7515,24
7516,24
7517,24
7518,24
7519,24
7520,24
7521,24
7522,24
7523,24
7524,25
7525,25
7526,25
7527,25
7528,25
7529,25
7530,25
7531,25
7532,25
7533,25
7534,25
7535,25
7536,25
7537,25
7538,25
7539,25
7540,25
7541,25
7542,25
7543,25
7544,25
7545,25
7546,25
7547,25
7548,25
7549,25
7550,25
7551,25
7552,25
7553,25
7554,25
7555,25
7556,25
7557,25
7558,25
7559,25
7560,25
7561,25
7562,25
7563,25
7564,25
7565,25
7566,25
7567,25
7568,25
7569,25
7570,25
7571,25
7572,25
7573,25
7574,25
7575,25
7576,25
7577,25
7578,25
7579,25
7580,25
7581,25
7582,25
7583,25
7584,25
7585,25
7586,25
7587,25
7588,25
7589,25
7590,25
7591,25
7592,25
7593,25
7594,25
7595,25
7596,25
7597,25
7598,25
7599,25
7600,25
7601,25
7602,25
7603,25
7604,25
7605,25
7606,25
7607,25
7608,25
7609,25
7610,25
7611,25
7612,25
7613,25
7614,25
7615,25
7616,25
7617,25
7618,25
7619,25
7620,25
7621,25
7622,25
7623,25
7624,25
7625,25
7626,25
7627,25
7628,25
7629,25
7630,25
7631,25
7632,25
7633,25
7634,25
7635,25
7636,25
7637,25
7638,25
7639,25
7640,25
7641,25
7642,25
7643,25
7644,25
7645,25
7646,25
7647,25
7648,25
7649,25
7650,25
7651,25
7652,25
7653,25
7654,25
7655,25
7656,25
7657,25
7658,25
7659,25
7660,25
7661,25
7662,25
7663,25
7664,25
7665,25
7666,25
7667,25
7668,25
7669,25
7670,25
7671,25
7672,25
7673,25
7674,25
7675,25
7676,25
7677,25
7678,25
7679,25
7680,25
7681,25
7682,25
7683,25
7684,25
7685,25
7686,25
7687,25
7688,25
7689,25
7690,25
7691,25
7692,25
7693,25
7694,25
7695,25
7696,25
7697,25
7698,25
7699,25
7700,25
7701,25
7702,25
7703,25
7704,25
7705,25
7706,25
7707,25
7708,25
7709,25
7710,25
7711,25
7712,25
7713,25
7714,25
7715,25
7716,25
7717,25
7718,25
7719,25
7720,25
7721,25
7722,25
7723,25
7724,25
7725,25
7726,25
7727,25
7728,25
7729,25
7730,25
7731,25
7732,25
7733,25
7734,25
7735,25
7736,25
7737,25
7738,25
7739,25
7740,25
7741,25
7742,25
7743,25
7744,25
7745,25
7746,25
7747,25
7748,25
7749,25
7750,25
7751,25
7752,25
7753,25
7754,25
7755,25
7756,25
7757,25
7758,25
7759,25
7760,25
7761,25
7762,25
7763,25
7764,25
7765,25
7766,25
7767,25
7768,25
7769,25
7770,25
7771,25
7772,25
7773,25
7774,25
7775,25
7776,25
7777,25
7778,25
7779,25
7780,25
7781,25
7782,25
7783,25
7784,25
7785,25
7786,25
7787,25
7788,25
7789,25
7790,25
7791,25
7792,25
7793,25
7794,25
7795,25
7796,25
7797,25
7798,25
7799,25
7800,25
7801,25
7802,25
7803,25
7804,25
7805,25
7806,25
7807,25
7808,25
7809,25
7810,25
7811,25
7812,25
7813,25
7814,25
7815,25
7816,25
7817,25
7818,25
7819,25
7820,25
7821,25
7822,25
7823,25
7824,26
7825,26
7826,26
7827,26
7828,26
7829,26
7830,26
7831,26
7832,26
7833,26
7834,26
7835,26
7836,26
7837,26
7838,26
7839,26
7840,26
7841,26
7842,26
7843,26
7844,26
7845,26
7846,26
7847,26
7848,26
7849,26
7850,26
7851,26
7852,26
7853,26
7854,26
7855,26
7856,26
7857,26
7858,26
7859,26
7860,26
7861,26
7862,26
7863,26
7864,26
7865,26
7866,26
7867,26
7868,26
7869,26
7870,26
7871,26
7872,26
7873,26
7874,26
7875,26
7876,26
7877,26
7878,26
7879,26
7880,26
7881,26
7882,26
7883,26
7884,26
7885,26
7886,26
7887,26
7888,26
7889,26
7890,26
7891,26
7892,26
7893,26
7894,26
7895,26
7896,26
7897,26
7898,26
7899,26
7900,26
7901,26
7902,26
7903,26
7904,26
7905,26
7906,26
7907,26
7908,26
7909,26
7910,26
7911,26
7912,26
7913,26
7914,26
7915,26
7916,26
7917,26
7918,26
7919,26
7920,26
7921,26
7922,26
7923,26
7924,26
7925,26
7926,26
7927,26
7928,26
7929,26
7930,26
7931,26
7932,26
7933,26
7934,26
7935,26
7936,26
7937,26
7938,26
7939,26
7940,26
7941,26
7942,26
7943,26
7944,26
7945,26
7946,26
7947,26
7948,26
7949,26
7950,26
7951,26
7952,26
7953,26
7954,26
7955,26
7956,26
7957,26
7958,26
7959,26
7960,26
7961,26
7962,26
7963,26
7964,26
7965,26
7966,26
7967,26
7968,26
7969,26
7970,26
7971,26
7972,26
7973,26
7974,26
7975,26
7976,26
7977,26
7978,26
7979,26
7980,26
7981,26
7982,26
7983,26
7984,26
7985,26
7986,26
7987,26
7988,26
7989,26
7990,26
7991,26
7992,26
7993,26
7994,26
7995,26
7996,26
7997,26
7998,26
7999,26
8000,26
8001,26
8002,26
8003,26
8004,26
8005,26
8006,26
8007,26
8008,26
8009,26
8010,26
8011,26
8012,26
8013,26
8014,26
8015,26
8016,26
8017,26
8018,26
8019,26
8020,26
8021,26
8022,26
8023,26
8024,26
8025,26
8026,26
8027,26
8028,26
8029,26
8030,26
8031,26
8032,26
8033,26
8034,26
8035,26
8036,26
8037,26
8038,26
8039,26
8040,26
8041,26
8042,26
8043,26
8044,26
8045,26
8046,26
8047,26
8048,26
8049,26
8050,26
8051,26
8052,26
8053,26
8054,26
8055,26
8056,26
8057,26
8058,26
8059,26
8060,26
8061,26
8062,26
8063,26
8064,26
8065,26
8066,26
8067,26
8068,26
8069,26
8070,26
8071,26
8072,26
8073,26
8074,26
8075,26
8076,26
8077,26
8078,26
8079,26
8080,26
8081,26
8082,26
8083,26
8084,26
8085,26
8086,26
8087,26
8088,26
8089,26
8090,26
8091,26
8092,26
8093,26
8094,26
8095,26
8096,26
8097,26
8098,26
8099,26
8100,26
8101,26
8102,26
8103,26
8104,26
8105,26
8106,26
8107,26
8108,26
8109,26
8110,26
8111,26
8112,26
8113,26
8114,26
8115,26
8116,26
8117,26
8118,26
8119,26
8120,26
8121,26
8122,26
8123,26
8124,27
8125,27
8126,27
8127,27
8128,27
8129,27
8130,27
8131,27
8132,27
8133,27
8134,27
8135,27
8136,27
8137,27
8138,27
8139,27
8140,27
8141,27
8142,27
8143,27
8144,27
8145,27
8146,27
8147,27
8148,27
8149,27
8150,27
8151,27
8152,27
8153,27
8154,27
8155,27
8156,27
8157,27
8158,27
8159,27
8160,27
8161,27
8162,27
8163,27
8164,27
8165,27
8166,27
8167,27
8168,27
8169,27
8170,27
8171,27
8172,27
8173,27
8174,27
8175,27
8176,27
8177,27
8178,27
8179,27
8180,27
8181,27
8182,27
8183,27
8184,27
8185,27
8186,27
8187,27
8188,27
8189,27
8190,27
8191,27
8192,27
8193,27
8194,27
8195,27
8196,27
8197,27
8198,27
8199,27
8200,27
8201,27
8202,27
8203,27
8204,27
8205,27
8206,27
8207,27
8208,27
8209,27
8210,27
8211,27
8212,27
8213,27
8214,27
8215,27
8216,27
8217,27
8218,27
8219,27
8220,27
8221,27
8222,27
8223,27
8224,27
8225,27
8226,27
8227,27
8228,27
8229,27
8230,27
8231,27
8232,27
8233,27
8234,27
8235,27
8236,27
8237,27
8238,27
8239,27
8240,27
8241,27
8242,27
8243,27
8244,27
8245,27
8246,27
8247,27
8248,27
8249,27
8250,27
8251,27
8252,27
8253,27
8254,27
8255,27
8256,27
8257,27
8258,27
8259,27
8260,27
8261,27
8262,27
8263,27
8264,27
8265,27
8266,27
8267,27
8268,27
8269,27
8270,27
8271,27
8272,27
8273,27
8274,27
8275,27
8276,27
8277,27
8278,27
8279,27
8280,27
8281,27
8282,27
8283,27
8284,27
8285,27
8286,27
8287,27
8288,27
8289,27
8290,27
8291,27
8292,27
8293,27
8294,27
8295,27
8296,27
8297,27
8298,27
8299,27
8300,27
8301,27
8302,27
8303,27
8304,27
8305,27
8306,27
8307,27
8308,27
8309,27
8310,27
8311,27
8312,27
8313,27
8314,27
8315,27
8316,27
8317,27
8318,27
8319,27
8320,27
8321,27
8322,27
8323,27
8324,27
8325,27
8326,27
8327,27
8328,27
8329,27
8330,27
8331,27
8332,27
8333,27
8334,27
8335,27
8336,27
8337,27
8338,27
8339,27
8340,27
8341,27
8342,27
8343,27
8344,27
8345,27
8346,27
8347,27
8348,27
8349,27
8350,27
8351,27
8352,27
8353,27
8354,27
8355,27
8356,27
8357,27
8358,27
8359,27
8360,27
8361,27
8362,27
8363,27
8364,27
8365,27
8366,27
8367,27
8368,27
8369,27
8370,27
8371,27
8372,27
8373,27
8374,27
8375,27
8376,27
8377,27
8378,27
8379,27
8380,27
8381,27
8382,27
8383,27
8384,27
8385,27
8386,27
8387,27
8388,27
8389,27
8390,27
8391,27
8392,27
8393,27
8394,27
8395,27
8396,27
8397,27
8398,27
8399,27
8400,27
8401,27
8402,27
8403,27
8404,27
8405,27
8406,27
8407,27
8408,27
8409,27
8410,27
8411,27
8412,27
8413,27
8414,27
8415,27
8416,27
8417,27
8418,27
8419,27
8420,27
8421,27
8422,27
8423,27
8424,28
8425,28
8426,28
8427,28
8428,28
8429,28
8430,28
8431,28
8432,28
8433,28
8434,28
8435,28
8436,28
8437,28
8438,28
8439,28
8440,28
8441,28
8442,28
8443,28
8444,28
8445,28
8446,28
8447,28
8448,28
8449,28
8450,28
8451,28
8452,28
8453,28
8454,28
8455,28
8456,28
8457,28
8458,28
8459,28
8460,28
8461,28
8462,28
8463,28
8464,28
8465,28
8466,28
8467,28
8468,28
8469,28
8470,28
8471,28
8472,28
8473,28
8474,28
8475,28
8476,28
8477,28
8478,28
8479,28
8480,28
8481,28
8482,28
8483,28
8484,28
8485,28
8486,28
8487,28
8488,28
8489,28
8490,28
8491,28
8492,28
8493,28
8494,28
8495,28
8496,28
8497,28
8498,28
8499,28
8500,28
8501,28
8502,28
8503,28
8504,28
8505,28
8506,28
8507,28
8508,28
8509,28
8510,28
8511,28
8512,28
8513,28
8514,28
8515,28
8516,28
8517,28
8518,28
8519,28
8520,28
8521,28
8522,28
8523,28
8524,28
8525,28
8526,28
8527,28
8528,28
8529,28
8530,28
8531,28
8532,28
8533,28
8534,28
8535,28
8536,28
8537,28
8538,28
8539,28
8540,28
8541,28
8542,28
8543,28
8544,28
8545,28
8546,28
8547,28
8548,28
8549,28
8550,28
8551,28
8552,28
8553,28
8554,28
8555,28
8556,28
8557,28
8558,28
8559,28
8560,28
8561,28
8562,28
8563,28
8564,28
8565,28
8566,28
8567,28
8568,28
8569,28
8570,28
8571,28
8572,28
8573,28
8574,28
8575,28
8576,28
8577,28
8578,28
8579,28
8580,28
8581,28
8582,28
8583,28
8584,28
8585,28
8586,28
8587,28
8588,28
8589,28
8590,28
8591,28
8592,28
8593,28
8594,28
8595,28
8596,28
8597,28
8598,28
8599,28
8600,28
8601,28
8602,28
8603,28
8604,28
8605,28
8606,28
8607,28
8608,28
8609,28
8610,28
8611,28
8612,28
8613,28
8614,28
8615,28
8616,28
8617,28
8618,28
8619,28
8620,28
8621,28
8622,28
8623,28
8624,28
8625,28
8626,28
8627,28
8628,28
8629,28
8630,28
8631,28
8632,28
8633,28
8634,28
8635,28
8636,28
8637,28
8638,28
8639,28
8640,28
8641,28
8642,28
8643,28
8644,28
8645,28
8646,28
8647,28
8648,28
8649,28
8650,28
8651,28
8652,28
8653,28
8654,28
8655,28
8656,28
8657,28
8658,28
8659,28
8660,28
8661,28
8662,28
8663,28
8664,28
8665,28
8666,28
8667,28
8668,28
8669,28
8670,28
8671,28
8672,28
8673,28
8674,28
8675,28
8676,28
8677,28
8678,28
8679,28
8680,28
8681,28
8682,28
8683,28
8684,28
8685,28
8686,28
8687,28
8688,28
8689,28
8690,28
8691,28
8692,28
8693,28
8694,28
8695,28
8696,28
8697,28
8698,28
8699,28
8700,28
8701,28
8702,28
8703,28
8704,28
8705,28
8706,28
8707,28
8708,28
8709,28
8710,28
8711,28
8712,28
8713,28
8714,28
8715,28
8716,28
8717,28
8718,28
8719,28
8720,28
8721,28
8722,28
8723,28
8724,29
8725,29
8726,29
8727,29
8728,29
8729,29
8730,29
8731,29
8732,29
8733,29
8734,29
8735,29
8736,29
8737,29
8738,29
8739,29
8740,29
8741,29
8742,29
8743,29
8744,29
8745,29
8746,29
8747,29
8748,29
8749,29
8750,29
8751,29
8752,29
8753,29
8754,29
8755,29
8756,29
8757,29
8758,29
8759,29
8760,29
8761,29
8762,29
8763,29
8764,29
8765,29
8766,29
8767,29
8768,29
8769,29
8770,29
8771,29
8772,29
8773,29
8774,29
8775,29
8776,29
8777,29
8778,29
8779,29
8780,29
8781,29
8782,29
8783,29
8784,29
8785,29
8786,29
8787,29
8788,29
8789,29
8790,29
8791,29
8792,29
8793,29
8794,29
8795,29
8796,29
8797,29
8798,29
8799,29
8800,29
8801,29
8802,29
8803,29
8804,29
8805,29
8806,29
8807,29
8808,29
8809,29
8810,29
8811,29
8812,29
8813,29
8814,29
8815,29
8816,29
8817,29
8818,29
8819,29
8820,29
8821,29
8822,29
8823,29
8824,29
8825,29
8826,29
8827,29
8828,29
8829,29
8830,29
8831,29
8832,29
8833,29
8834,29
8835,29
8836,29
8837,29
8838,29
8839,29
8840,29
8841,29
8842,29
8843,29
8844,29
8845,29
8846,29
8847,29
8848,29
8849,29
8850,29
8851,29
8852,29
8853,29
8854,29
8855,29
8856,29
8857,29
8858,29
8859,29
8860,29
8861,29
8862,29
8863,29
8864,29
8865,29
8866,29
8867,29
8868,29
8869,29
8870,29
8871,29
8872,29
8873,29
8874,29
8875,29
8876,29
8877,29
8878,29
8879,29
8880,29
8881,29
8882,29
8883,29
8884,29
8885,29
8886,29
8887,29
8888,29
8889,29
8890,29
8891,29
8892,29
8893,29
8894,29
8895,29
8896,29
8897,29
8898,29
8899,29
8900,29
8901,29
8902,29
8903,29
8904,29
8905,29
8906,29
8907,29
8908,29
8909,29
8910,29
8911,29
8912,29
8913,29
8914,29
8915,29
8916,29
8917,29
8918,29
8919,29
8920,29
8921,29
8922,29
8923,29
8924,29
8925,29
8926,29
8927,29
8928,29
8929,29
8930,29
8931,29
8932,29
8933,29
8934,29
8935,29
8936,29
8937,29
8938,29
8939,29
8940,29
8941,29
8942,29
8943,29
8944,29
8945,29
8946,29
8947,29
8948,29
8949,29
8950,29
8951,29
8952,29
8953,29
8954,29
8955,29
8956,29
8957,29
8958,29
8959,29
8960,29
8961,29
8962,29
8963,29
8964,29
8965,29
8966,29
8967,29
8968,29
8969,29
8970,29
8971,29
8972,29
8973,29
8974,29
8975,29
8976,29
8977,29
8978,29
8979,29
8980,29
8981,29
8982,29
8983,29
8984,29
8985,29
8986,29
8987,29
8988,29
8989,29
8990,29
8991,29
8992,29
8993,29
8994,29
8995,29
8996,29
8997,29
8998,29
8999,29
9000,29
9001,29
9002,29
9003,29
9004,29
9005,29
9006,29
9007,29
9008,29
9009,29
9010,29
9011,29
9012,29
9013,29
9014,29
9015,29
9016,29
9017,29
9018,29
9019,29
9020,29
9021,29
9022,29
9023,29
9024,30
9025,30
9026,30
9027,30
9028,30
9029,30
9030,30
9031,30
9032,30
9033,30
9034,30
9035,30
9036,30
9037,30
9038,30
9039,30
9040,30
9041,30
9042,30
9043,30
9044,30
9045,30
9046,30
9047,30
9048,30
9049,30
9050,30
9051,30
9052,30
9053,30
9054,30
9055,30
9056,30
9057,30
9058,30
9059,30
9060,30
9061,30
9062,30
9063,30
9064,30
9065,30
9066,30
9067,30
9068,30
9069,30
9070,30
9071,30
9072,30
9073,30
9074,30
9075,30
9076,30
9077,30
9078,30
9079,30
9080,30
9081,30
9082,30
9083,30
9084,30
9085,30
9086,30
9087,30
9088,30
9089,30
9090,30
9091,30
9092,30
9093,30
9094,30
9095,30
9096,30
9097,30
9098,30
9099,30
9100,30
9101,30
9102,30
9103,30
9104,30
9105,30
9106,30
9107,30
9108,30
9109,30
9110,30
9111,30
9112,30
9113,30
9114,30
9115,30
9116,30
9117,30
9118,30
9119,30
9120,30
9121,30
9122,30
9123,30
9124,30
9125,30
9126,30
9127,30
9128,30
9129,30
9130,30
9131,30
9132,30
9133,30
9134,30
9135,30
9136,30
9137,30
9138,30
9139,30
9140,30
9141,30
9142,30
9143,30
9144,30
9145,30
9146,30
9147,30
9148,30
9149,30
9150,30
9151,30
9152,30
9153,30
9154,30
9155,30
9156,30
9157,30
9158,30
9159,30
9160,30
9161,30
9162,30
9163,30
9164,30
9165,30
9166,30
9167,30
9168,30
9169,30
9170,30
9171,30
9172,30
9173,30
9174,30
9175,30
9176,30
9177,30
9178,30
9179,30
9180,30
9181,30
9182,30
9183,30
9184,30
9185,30
9186,30
9187,30
9188,30
9189,30
9190,30
9191,30
9192,30
9193,30
9194,30
9195,30
9196,30
9197,30
9198,30
9199,30
9200,30
9201,30
9202,30
9203,30
9204,30
9205,30
9206,30
9207,30
9208,30
9209,30
9210,30
9211,30
9212,30
9213,30
9214,30
9215,30
9216,30
9217,30
9218,30
9219,30
9220,30
9221,30
9222,30
9223,30
9224,30
9225,30
9226,30
9227,30
9228,30
9229,30
9230,30
9231,30
9232,30
9233,30
9234,30
9235,30
9236,30
9237,30
9238,30
9239,30
9240,30
9241,30
9242,30
9243,30
9244,30
9245,30
9246,30
9247,30
9248,30
9249,30
9250,30
9251,30
9252,30
9253,30
9254,30
9255,30
9256,30
9257,30
9258,30
9259,30
9260,30
9261,30
9262,30
9263,30
9264,30
9265,30
9266,30
9267,30
9268,30
9269,30
9270,30
9271,30
9272,30
9273,30
9274,30
9275,30
9276,30
9277,30
9278,30
9279,30
9280,30
9281,30
9282,30
9283,30
9284,30
9285,30
9286,30
9287,30
9288,30
9289,30
9290,30
9291,30
9292,30
9293,30
9294,30
9295,30
9296,30
9297,30
9298,30
9299,30
9300,30
9301,30
9302,30
9303,30
9304,30
9305,30
9306,30
9307,30
9308,30
9309,30
9310,30
9311,30
9312,30
9313,30
9314,30
9315,30
9316,30
9317,30
9318,30
9319,30
9320,30
9321,30
9322,30
9323,30
9324,31
9325,31
9326,31
9327,31
9328,31
9329,31
9330,31
9331,31
9332,31
9333,31
9334,31
9335,31
9336,31
9337,31
9338,31
9339,31
9340,31
9341,31
9342,31
9343,31
9344,31
9345,31
9346,31
9347,31
9348,31
9349,31
9350,31
9351,31
9352,31
9353,31
9354,31
9355,31
9356,31
9357,31
9358,31
9359,31
9360,31
9361,31
9362,31
9363,31
9364,31
9365,31
9366,31
9367,31
9368,31
9369,31
9370,31
9371,31
9372,31
9373,31
9374,31
9375,31
9376,31
9377,31
9378,31
9379,31
9380,31
9381,31
9382,31
9383,31
9384,31
9385,31
9386,31
9387,31
9388,31
9389,31
9390,31
9391,31
9392,31
9393,31
9394,31
9395,31
9396,31
9397,31
9398,31
9399,31
9400,31
9401,31
9402,31
9403,31
9404,31
9405,31
9406,31
9407,31
9408,31
9409,31
9410,31
9411,31
9412,31
9413,31
9414,31
9415,31
9416,31
9417,31
9418,31
9419,31
9420,31
9421,31
9422,31
9423,31
9424,31
9425,31
9426,31
9427,31
9428,31
9429,31
9430,31
9431,31
9432,31
9433,31
9434,31
9435,31
9436,31
9437,31
9438,31
9439,31
9440,31
9441,31
9442,31
9443,31
9444,31
9445,31
9446,31
9447,31
9448,31
9449,31
9450,31
9451,31
9452,31
9453,31
9454,31
9455,31
9456,31
9457,31
9458,31
9459,31
9460,31
9461,31
9462,31
9463,31
9464,31
9465,31
9466,31
9467,31
9468,31
9469,31
9470,31
9471,31
9472,31
9473,31
9474,31
9475,31
9476,31
9477,31
9478,31
9479,31
9480,31
9481,31
9482,31
9483,31
9484,31
9485,31
9486,31
9487,31
9488,31
9489,31
9490,31
9491,31
9492,31
9493,31
9494,31
9495,31
9496,31
9497,31
9498,31
9499,31
9500,31
9501,31
9502,31
9503,31
9504,31
9505,31
9506,31
9507,31
9508,31
9509,31
9510,31
9511,31
9512,31
9513,31
9514,31
9515,31
9516,31
9517,31
9518,31
9519,31
9520,31
9521,31
9522,31
9523,31
9524,31
9525,31
9526,31
9527,31
9528,31
9529,31
9530,31
9531,31
9532,31
9533,31
9534,31
9535,31
9536,31
9537,31
9538,31
9539,31
9540,31
9541,31
9542,31
9543,31
9544,31
9545,31
9546,31
9547,31
9548,31
9549,31
9550,31
9551,31
9552,31
9553,31
9554,31
9555,31
9556,31
9557,31
9558,31
9559,31
9560,31
9561,31
9562,31
9563,31
9564,31
9565,31
9566,31
9567,31
9568,31
9569,31
9570,31
9571,31
9572,31
9573,31
9574,31
9575,31
9576,31
9577,31
9578,31
9579,31
9580,31
9581,31
9582,31
9583,31
9584,31
9585,31
9586,31
9587,31
9588,31
9589,31
9590,31
9591,31
9592,31
9593,31
9594,31
9595,31
9596,31
9597,31
9598,31
9599,31
9600,31
9601,31
9602,31
9603,31
9604,31
9605,31
9606,31
9607,31
9608,31
9609,31
9610,31
9611,31
9612,31
9613,31
9614,31
9615,31
9616,31
9617,31
9618,31
9619,31
9620,31
9621,31
9622,31
9623,31
9624,32
9625,32
9626,32
9627,32
9628,32
9629,32
9630,32
9631,32
9632,32
9633,32
9634,32
9635,32
9636,32
9637,32
9638,32
9639,32
9640,32
9641,32
9642,32
9643,32
9644,32
9645,32
9646,32
9647,32
9648,32
9649,32
9650,32
9651,32
9652,32
9653,32
9654,32
9655,32
9656,32
9657,32
9658,32
9659,32
9660,32
9661,32
9662,32
9663,32
9664,32
9665,32
9666,32
9667,32
9668,32
9669,32
9670,32
9671,32
9672,32
9673,32
9674,32
9675,32
9676,32
9677,32
9678,32
9679,32
9680,32
9681,32
9682,32
9683,32
9684,32
9685,32
9686,32
9687,32
9688,32
9689,32
9690,32
9691,32
9692,32
9693,32
9694,32
9695,32
9696,32
9697,32
9698,32
9699,32
9700,32
9701,32
9702,32
9703,32
9704,32
9705,32
9706,32
9707,32
9708,32
9709,32
9710,32
9711,32
9712,32
9713,32
9714,32
9715,32
9716,32
9717,32
9718,32
9719,32
9720,32
9721,32
9722,32
9723,32
9724,32
9725,32
9726,32
9727,32
9728,32
9729,32
9730,32
9731,32
9732,32
9733,32
9734,32
9735,32
9736,32
9737,32
9738,32
9739,32
9740,32
9741,32
9742,32
9743,32
9744,32
9745,32
9746,32
9747,32
9748,32
9749,32
9750,32
9751,32
9752,32
9753,32
9754,32
9755,32
9756,32
9757,32
9758,32
9759,32
9760,32
9761,32
9762,32
9763,32
9764,32
9765,32
9766,32
9767,32
9768,32
9769,32
9770,32
9771,32
9772,32
9773,32
9774,32
9775,32
9776,32
9777,32
9778,32
9779,32
9780,32
9781,32
9782,32
9783,32
9784,32
9785,32
9786,32
9787,32
9788,32
9789,32
9790,32
9791,32
9792,32
9793,32
9794,32
9795,32
9796,32
9797,32
9798,32
9799,32
9800,32
9801,32
9802,32
9803,32
9804,32
9805,32
9806,32
9807,32
9808,32
9809,32
9810,32
9811,32
9812,32
9813,32
9814,32
9815,32
9816,32
9817,32
9818,32
9819,32
9820,32
9821,32
9822,32
9823,32
9824,32
9825,32
9826,32
9827,32
9828,32
9829,32
9830,32
9831,32
9832,32
9833,32
9834,32
9835,32
9836,32
9837,32
9838,32
9839,32
9840,32
9841,32
9842,32
9843,32
9844,32
9845,32
9846,32
9847,32
9848,32
9849,32
9850,32
9851,32
9852,32
9853,32
9854,32
9855,32
9856,32
9857,32
9858,32
9859,32
9860,32
9861,32
9862,32
9863,32
9864,32
9865,32
9866,32
9867,32
9868,32
9869,32
9870,32
9871,32
9872,32
9873,32
9874,32
9875,32
9876,32
9877,32
9878,32
9879,32
9880,32
9881,32
9882,32
9883,32
9884,32
9885,32
9886,32
9887,32
9888,32
9889,32
9890,32
9891,32
9892,32
9893,32
9894,32
9895,32
9896,32
9897,32
9898,32
9899,32
9900,32
9901,32
9902,32
9903,32
9904,32
9905,32
9906,32
9907,32
9908,32
9909,32
9910,32
9911,32
9912,32
9913,32
9914,32
9915,32
9916,32
9917,32
9918,32
9919,32
9920,32
9921,32
9922,32
9923,32
9924,33
9925,33
9926,33
9927,33
9928,33
9929,33
9930,33
9931,33
9932,33
9933,33
9934,33
9935,33
9936,33
9937,33
9938,33
9939,33
9940,33
9941,33
9942,33
9943,33
9944,33
9945,33
9946,33
9947,33
9948,33
9949,33
9950,33
9951,33
9952,33
9953,33
9954,33
9955,33
9956,33
9957,33
9958,33
9959,33
9960,33
9961,33
9962,33
9963,33
9964,33
9965,33
9966,33
9967,33
9968,33
9969,33
9970,33
9971,33
9972,33
9973,33
9974,33
9975,33
9976,33
9977,33
9978,33
9979,33
9980,33
9981,33
9982,33
9983,33
9984,33
9985,33
9986,33
9987,33
9988,33
9989,33
9990,33
9991,33
9992,33
9993,33
9994,33
9995,33
9996,33
9997,33
9998,33
9999,33
10000,33
10001,33
10002,33
10003,33
10004,33
10005,33
10006,33
10007,33
10008,33
10009,33
10010,33
10011,33
10012,33
10013,33
10014,33
10015,33
10016,33
10017,33
10018,33
10019,33
10020,33
10021,33
10022,33
10023,33
10024,33
10025,33
10026,33
10027,33
10028,33
10029,33
10030,33
10031,33
10032,33
10033,33
10034,33
10035,33
10036,33
10037,33
10038,33
10039,33
10040,33
10041,33
10042,33
10043,33
10044,33
10045,33
10046,33
10047,33
10048,33
10049,33
10050,33
10051,33
10052,33
10053,33
10054,33
10055,33
10056,33
10057,33
10058,33
10059,33
10060,33
10061,33
10062,33
10063,33
10064,33
10065,33
10066,33
10067,33
10068,33
10069,33
10070,33
10071,33
10072,33
10073,33
10074,33
10075,33
10076,33
10077,33
10078,33
10079,33
10080,33
10081,33
10082,33
10083,33
10084,33
10085,33
10086,33
10087,33
10088,33
10089,33
10090,33
10091,33
10092,33
10093,33
10094,33
10095,33
10096,33
10097,33
10098,33
10099,33
10100,33
10101,33
10102,33
10103,33
10104,33
10105,33
10106,33
10107,33
10108,33
10109,33
10110,33
10111,33
10112,33
10113,33
10114,33
10115,33
10116,33
10117,33
10118,33
10119,33
10120,33
10121,33
10122,33
10123,33
10124,33
10125,33
10126,33
10127,33
10128,33
10129,33
10130,33
10131,33
10132,33
10133,33
10134,33
10135,33
10136,33
10137,33
10138,33
10139,33
10140,33
10141,33
10142,33
10143,33
10144,33
10145,33
10146,33
10147,33
10148,33
10149,33
10150,33
10151,33
10152,33
10153,33
10154,33
10155,33
10156,33
10157,33
10158,33
10159,33
10160,33
10161,33
10162,33
10163,33
10164,33
10165,33
10166,33
10167,33
10168,33
10169,33
10170,33
10171,33
10172,33
10173,33
10174,33
10175,33
10176,33
10177,33
10178,33
10179,33
10180,33
10181,33
10182,33
10183,33
10184,33
10185,33
10186,33
10187,33
10188,33
10189,33
10190,33
10191,33
10192,33
10193,33
10194,33
10195,33
10196,33
10197,33
10198,33
10199,33
10200,33
10201,33
10202,33
10203,33
10204,33
10205,33
10206,33
10207,33
10208,33
10209,33
10210,33
10211,33
10212,33
10213,33
10214,33
10215,33
10216,33
10217,33
10218,33
10219,33
10220,33
10221,33
10222,33
10223,33
10224,34
10225,34
10226,34
10227,34
10228,34
10229,34
10230,34
10231,34
10232,34
10233,34
10234,34
10235,34
10236,34
10237,34
10238,34
10239,34
10240,34
10241,34
10242,34
10243,34
10244,34
10245,34
10246,34
10247,34
10248,34
10249,34
10250,34
10251,34
10252,34
10253,34
10254,34
10255,34
10256,34
10257,34
10258,34
10259,34
10260,34
10261,34
10262,34
10263,34
10264,34
10265,34
10266,34
10267,34
10268,34
10269,34
10270,34
10271,34
10272,34
10273,34
10274,34
10275,34
10276,34
10277,34
10278,34
10279,34
10280,34
10281,34
10282,34
10283,34
10284,34
10285,34
10286,34
10287,34
10288,34
10289,34
10290,34
10291,34
10292,34
10293,34
10294,34
10295,34
10296,34
10297,34
10298,34
10299,34
10300,34
10301,34
10302,34
10303,34
10304,34
10305,34
10306,34
10307,34
10308,34
10309,34
10310,34
10311,34
10312,34
10313,34
10314,34
10315,34
10316,34
10317,34
10318,34
10319,34
10320,34
10321,34
10322,34
10323,34
10324,34
10325,34
10326,34
10327,34
10328,34
10329,34
10330,34
10331,34
10332,34
10333,34
10334,34
10335,34
10336,34
10337,34
10338,34
10339,34
10340,34
10341,34
10342,34
10343,34
10344,34
10345,34
10346,34
10347,34
10348,34
10349,34
10350,34
10351,34
10352,34
10353,34
10354,34
10355,34
10356,34
10357,34
10358,34
10359,34
10360,34
10361,34
10362,34
10363,34
10364,34
10365,34
10366,34
10367,34
10368,34
10369,34
10370,34
10371,34
10372,34
10373,34
10374,34
10375,34
10376,34
10377,34
10378,34
10379,34
10380,34
10381,34
10382,34
10383,34
10384,34
10385,34
10386,34
10387,34
10388,34
10389,34
10390,34
10391,34
10392,34
10393,34
10394,34
10395,34
10396,34
10397,34
10398,34
10399,34
10400,34
10401,34
10402,34
10403,34
10404,34
10405,34
10406,34
10407,34
10408,34
10409,34
10410,34
10411,34
10412,34
10413,34
10414,34
10415,34
10416,34
10417,34
10418,34
10419,34
10420,34
10421,34
10422,34
10423,34
10424,34
10425,34
10426,34
10427,34
10428,34
10429,34
10430,34
10431,34
10432,34
10433,34
10434,34
10435,34
10436,34
10437,34
10438,34
10439,34
10440,34
10441,34
10442,34
10443,34
10444,34
10445,34
10446,34
10447,34
10448,34
10449,34
10450,34
10451,34
10452,34
10453,34
10454,34
10455,34
10456,34
10457,34
10458,34
10459,34
10460,34
10461,34
10462,34
10463,34
10464,34
10465,34
10466,34
10467,34
10468,34
10469,34
10470,34
10471,34
10472,34
10473,34
10474,34
10475,34
10476,34
10477,34
10478,34
10479,34
10480,34
10481,34
10482,34
10483,34
10484,34
10485,34
10486,34
10487,34
10488,34
10489,34
10490,34
10491,34
10492,34
10493,34
10494,34
10495,34
10496,34
10497,34
10498,34
10499,34
10500,34
10501,34
10502,34
10503,34
10504,34
10505,34
10506,34
10507,34
10508,34
10509,34
10510,34
10511,34
10512,34
10513,34
10514,34
10515,34
10516,34
10517,34
10518,34
10519,34
10520,34
10521,34
10522,34
10523,34
10524,35
10525,35
10526,35
10527,35
10528,35
10529,35
10530,35
10531,35
10532,35
10533,35
10534,35
10535,35
10536,35
10537,35
10538,35
10539,35
10540,35
10541,35
10542,35
10543,35
10544,35
10545,35
10546,35
10547,35
10548,35
10549,35
10550,35
10551,35
10552,35
10553,35
10554,35
10555,35
10556,35
10557,35
10558,35
10559,35
10560,35
10561,35
10562,35
10563,35
10564,35
10565,35
10566,35
10567,35
10568,35
10569,35
10570,35
10571,35
10572,35
10573,35
10574,35
10575,35
10576,35
10577,35
10578,35
10579,35
10580,35
10581,35
10582,35
10583,35
10584,35
10585,35
10586,35
10587,35
10588,35
10589,35
10590,35
10591,35
10592,35
10593,35
10594,35
10595,35
10596,35
10597,35
10598,35
10599,35
10600,35
10601,35
10602,35
10603,35
10604,35
10605,35
10606,35
10607,35
10608,35
10609,35
10610,35
10611,35
10612,35
10613,35
10614,35
10615,35
10616,35
10617,35
10618,35
10619,35
10620,35
10621,35
10622,35
10623,35
10624,35
10625,35
10626,35
10627,35
10628,35
10629,35
10630,35
10631,35
10632,35
10633,35
10634,35
10635,35
10636,35
10637,35
10638,35
10639,35
10640,35
10641,35
10642,35
10643,35
10644,35
10645,35
10646,35
10647,35
10648,35
10649,35
10650,35
10651,35
10652,35
10653,35
10654,35
10655,35
10656,35
10657,35
10658,35
10659,35
10660,35
10661,35
10662,35
10663,35
10664,35
10665,35
10666,35
10667,35
10668,35
10669,35
10670,35
10671,35
10672,35
10673,35
10674,35
10675,35
10676,35
10677,35
10678,35
10679,35
10680,35
10681,35
10682,35
10683,35
10684,35
10685,35
10686,35
10687,35
10688,35
10689,35
10690,35
10691,35
10692,35
10693,35
10694,35
10695,35
10696,35
10697,35
10698,35
10699,35
10700,35
10701,35
10702,35
10703,35
10704,35
10705,35
10706,35
10707,35
10708,35
10709,35
10710,35
10711,35
10712,35
10713,35
10714,35
10715,35
10716,35
10717,35
10718,35
10719,35
10720,35
10721,35
10722,35
10723,35
10724,35
10725,35
10726,35
10727,35
10728,35
10729,35
10730,35
10731,35
10732,35
10733,35
10734,35
10735,35
10736,35
10737,35
10738,35
10739,35
10740,35
10741,35
10742,35
10743,35
10744,35
10745,35
10746,35
10747,35
10748,35
10749,35
10750,35
10751,35
10752,35
10753,35
10754,35
10755,35
10756,35
10757,35
10758,35
10759,35
10760,35
10761,35
10762,35
10763,35
10764,35
10765,35
10766,35
10767,35
10768,35
10769,35
10770,35
10771,35
10772,35
10773,35
10774,35
10775,35
10776,35
10777,35
10778,35
10779,35
10780,35
10781,35
10782,35
10783,35
10784,35
10785,35
10786,35
10787,35
10788,35
10789,35
10790,35
10791,35
10792,35
10793,35
10794,35
10795,35
10796,35
10797,35
10798,35
10799,35
10800,35
10801,35
10802,35
10803,35
10804,35
10805,35
10806,35
10807,35
10808,35
10809,35
10810,35
10811,35
10812,35
10813,35
10814,35
10815,35
10816,35
10817,35
10818,35
10819,35
10820,35
10821,35
10822,35
10823,35
10824,36
10825,36
10826,36
10827,36
10828,36
10829,36
10830,36
10831,36
10832,36
10833,36
10834,36
10835,36
10836,36
10837,36
10838,36
10839,36
10840,36
10841,36
10842,36
10843,36
10844,36
10845,36
10846,36
10847,36
10848,36
10849,36
10850,36
10851,36
10852,36
10853,36
10854,36
10855,36
10856,36
10857,36
10858,36
10859,36
10860,36
10861,36
10862,36
10863,36
10864,36
10865,36
10866,36
10867,36
10868,36
10869,36
10870,36
10871,36
10872,36
10873,36
10874,36
10875,36
10876,36
10877,36
10878,36
10879,36
10880,36
10881,36
10882,36
10883,36
10884,36
10885,36
10886,36
10887,36
10888,36
10889,36
10890,36
10891,36
10892,36
10893,36
10894,36
10895,36
10896,36
10897,36
10898,36
10899,36
10900,36
10901,36
10902,36
10903,36
10904,36
10905,36
10906,36
10907,36
10908,36
10909,36
10910,36
10911,36
10912,36
10913,36
10914,36
10915,36
10916,36
10917,36
10918,36
10919,36
10920,36
10921,36
10922,36
10923,36
10924,36
10925,36
10926,36
10927,36
10928,36
10929,36
10930,36
10931,36
10932,36
10933,36
10934,36
10935,36
10936,36
10937,36
10938,36
10939,36
10940,36
10941,36
10942,36
10943,36
10944,36
10945,36
10946,36
10947,36
10948,36
10949,36
10950,36
10951,36
10952,36
10953,36
10954,36
10955,36
10956,36
10957,36
10958,36
10959,36
10960,36
10961,36
10962,36
10963,36
10964,36
10965,36
10966,36
10967,36
10968,36
10969,36
10970,36
10971,36
10972,36
10973,36
10974,36
10975,36
10976,36
10977,36
10978,36
10979,36
10980,36
10981,36
10982,36
10983,36
10984,36
10985,36
10986,36
10987,36
10988,36
10989,36
10990,36
10991,36
10992,36
10993,36
10994,36
10995,36
10996,36
10997,36
10998,36
10999,36
11000,36
11001,36
11002,36
11003,36
11004,36
11005,36
11006,36
11007,36
11008,36
11009,36
11010,36
11011,36
11012,36
11013,36
11014,36
11015,36
11016,36
11017,36
11018,36
11019,36
11020,36
11021,36
11022,36
11023,36
11024,36
11025,36
11026,36
11027,36
11028,36
11029,36
11030,36
11031,36
11032,36
11033,36
11034,36
11035,36
11036,36
11037,36
11038,36
11039,36
11040,36
11041,36
11042,36
11043,36
11044,36
11045,36
11046,36
11047,36
11048,36
11049,36
11050,36
11051,36
11052,36
11053,36
11054,36
11055,36
11056,36
11057,36
11058,36
11059,36
11060,36
11061,36
11062,36
11063,36
11064,36
11065,36
11066,36
11067,36
11068,36
11069,36
11070,36
11071,36
11072,36
11073,36
11074,36
11075,36
11076,36
11077,36
11078,36
11079,36
11080,36
11081,36
11082,36
11083,36
11084,36
11085,36
11086,36
11087,36
11088,36
11089,36
11090,36
11091,36
11092,36
11093,36
11094,36
11095,36
11096,36
11097,36
11098,36
11099,36
11100,36
11101,36
11102,36
11103,36
11104,36
11105,36
11106,36
11107,36
11108,36
11109,36
11110,36
11111,36
11112,36
11113,36
11114,36
11115,36
11116,36
11117,36
11118,36
11119,36
11120,36
11121,36
11122,36
11123,36
11124,37
11125,37
11126,37
11127,37
11128,37
11129,37
11130,37
11131,37
11132,37
11133,37
11134,37
11135,37
11136,37
11137,37
11138,37
11139,37
11140,37
11141,37
11142,37
11143,37
11144,37
11145,37
11146,37
11147,37
11148,37
11149,37
11150,37
11151,37
11152,37
11153,37
11154,37
11155,37
11156,37
11157,37
11158,37
11159,37
11160,37
11161,37
11162,37
11163,37
11164,37
11165,37
11166,37
11167,37
11168,37
11169,37
11170,37
11171,37
11172,37
11173,37
11174,37
11175,37
11176,37
11177,37
11178,37
11179,37
11180,37
11181,37
11182,37
11183,37
11184,37
11185,37
11186,37
11187,37
11188,37
11189,37
11190,37
11191,37
11192,37
11193,37
11194,37
11195,37
11196,37
11197,37
11198,37
11199,37
11200,37
11201,37
11202,37
11203,37
11204,37
11205,37
11206,37
11207,37
11208,37
11209,37
11210,37
11211,37
11212,37
11213,37
11214,37
11215,37
11216,37
11217,37
11218,37
11219,37
11220,37
11221,37
11222,37
11223,37
11224,37
11225,37
11226,37
11227,37
11228,37
11229,37
11230,37
11231,37
11232,37
11233,37
11234,37
11235,37
11236,37
11237,37
11238,37
11239,37
11240,37
11241,37
11242,37
11243,37
11244,37
11245,37
11246,37
11247,37
11248,37
11249,37
11250,37
11251,37
11252,37
11253,37
11254,37
11255,37
11256,37
11257,37
11258,37
11259,37
11260,37
11261,37
11262,37
11263,37
11264,37
11265,37
11266,37
11267,37
11268,37
11269,37
11270,37
11271,37
11272,37
11273,37
11274,37
11275,37
11276,37
11277,37
11278,37
11279,37
11280,37
11281,37
11282,37
11283,37
11284,37
11285,37
11286,37
11287,37
11288,37
11289,37
11290,37
11291,37
11292,37
11293,37
11294,37
11295,37
11296,37
11297,37
11298,37
11299,37
11300,37
11301,37
11302,37
11303,37
11304,37
11305,37
11306,37
11307,37
11308,37
11309,37
11310,37
11311,37
11312,37
11313,37
11314,37
11315,37
11316,37
11317,37
11318,37
11319,37
11320,37
11321,37
11322,37
11323,37
11324,37
11325,37
11326,37
11327,37
11328,37
11329,37
11330,37
11331,37
11332,37
11333,37
11334,37
11335,37
11336,37
11337,37
11338,37
11339,37
11340,37
11341,37
11342,37
11343,37
11344,37
11345,37
11346,37
11347,37
11348,37
11349,37
11350,37
11351,37
11352,37
11353,37
11354,37
11355,37
11356,37
11357,37
11358,37
11359,37
11360,37
11361,37
11362,37
11363,37
11364,37
11365,37
11366,37
11367,37
11368,37
11369,37
11370,37
11371,37
11372,37
11373,37
11374,37
11375,37
11376,37
11377,37
11378,37
11379,37
11380,37
11381,37
11382,37
11383,37
11384,37
11385,37
11386,37
11387,37
11388,37
11389,37
11390,37
11391,37
11392,37
11393,37
11394,37
11395,37
11396,37
11397,37
11398,37
11399,37
11400,37
11401,37
11402,37
11403,37
11404,37
11405,37
11406,37
11407,37
11408,37
11409,37
11410,37
11411,37
11412,37
11413,37
11414,37
11415,37
11416,37
11417,37
11418,37
11419,37
11420,37
11421,37
11422,37
11423,37
11424,38
11425,38
11426,38
11427,38
11428,38
11429,38
11430,38
11431,38
11432,38
11433,38
11434,38
11435,38
11436,38
11437,38
11438,38
11439,38
11440,38
11441,38
11442,38
11443,38
11444,38
11445,38
11446,38
11447,38
11448,38
11449,38
11450,38
11451,38
11452,38
11453,38
11454,38
11455,38
11456,38
11457,38
11458,38
11459,38
11460,38
11461,38
11462,38
11463,38
11464,38
11465,38
11466,38
11467,38
11468,38
11469,38
11470,38
11471,38
11472,38
11473,38
11474,38
11475,38
11476,38
11477,38
11478,38
11479,38
11480,38
11481,38
11482,38
11483,38
11484,38
11485,38
11486,38
11487,38
11488,38
11489,38
11490,38
11491,38
11492,38
11493,38
11494,38
11495,38
11496,38
11497,38
11498,38
11499,38
11500,38
11501,38
11502,38
11503,38
11504,38
11505,38
11506,38
11507,38
11508,38
11509,38
11510,38
11511,38
11512,38
11513,38
11514,38
11515,38
11516,38
11517,38
11518,38
11519,38
11520,38
11521,38
11522,38
11523,38
11524,38
11525,38
11526,38
11527,38
11528,38
11529,38
11530,38
11531,38
11532,38
11533,38
11534,38
11535,38
11536,38
11537,38
11538,38
11539,38
11540,38
11541,38
11542,38
11543,38
11544,38
11545,38
11546,38
11547,38
11548,38
11549,38
11550,38
11551,38
11552,38
11553,38
11554,38
11555,38
11556,38
11557,38
11558,38
11559,38
11560,38
11561,38
11562,38
11563,38
11564,38
11565,38
11566,38
11567,38
11568,38
11569,38
11570,38
11571,38
11572,38
11573,38
11574,38
11575,38
11576,38
11577,38
11578,38
11579,38
11580,38
11581,38
11582,38
11583,38
11584,38
11585,38
11586,38
11587,38
11588,38
11589,38
11590,38
11591,38
11592,38
11593,38
11594,38
11595,38
11596,38
11597,38
11598,38
11599,38
11600,38
11601,38
11602,38
11603,38
11604,38
11605,38
11606,38
11607,38
11608,38
11609,38
11610,38
11611,38
11612,38
11613,38
11614,38
11615,38
11616,38
11617,38
11618,38
11619,38
11620,38
11621,38
11622,38
11623,38
11624,38
11625,38
11626,38
11627,38
11628,38
11629,38
11630,38
11631,38
11632,38
11633,38
11634,38
11635,38
11636,38
11637,38
11638,38
11639,38
11640,38
11641,38
11642,38
11643,38
11644,38
11645,38
11646,38
11647,38
11648,38
11649,38
11650,38
11651,38
11652,38
11653,38
11654,38
11655,38
11656,38
11657,38
11658,38
11659,38
11660,38
11661,38
11662,38
11663,38
11664,38
11665,38
11666,38
11667,38
11668,38
11669,38
11670,38
11671,38
11672,38
11673,38
11674,38
11675,38
11676,38
11677,38
11678,38
11679,38
11680,38
11681,38
11682,38
11683,38
11684,38
11685,38
11686,38
11687,38
11688,38
11689,38
11690,38
11691,38
11692,38
11693,38
11694,38
11695,38
11696,38
11697,38
11698,38
11699,38
11700,38
11701,38
11702,38
11703,38
11704,38
11705,38
11706,38
11707,38
11708,38
11709,38
11710,38
11711,38
11712,38
11713,38
11714,38
11715,38
11716,38
11717,38
11718,38
11719,38
11720,38
11721,38
11722,38
11723,38
11724,39
11725,39
11726,39
11727,39
11728,39
11729,39
11730,39
11731,39
11732,39
11733,39
11734,39
11735,39
11736,39
11737,39
11738,39
11739,39
11740,39
11741,39
11742,39
11743,39
11744,39
11745,39
11746,39
11747,39
11748,39
11749,39
11750,39
11751,39
11752,39
11753,39
11754,39
11755,39
11756,39
11757,39
11758,39
11759,39
11760,39
11761,39
11762,39
11763,39
11764,39
11765,39
11766,39
11767,39
11768,39
11769,39
11770,39
11771,39
11772,39
11773,39
11774,39
11775,39
11776,39
11777,39
11778,39
11779,39
11780,39
11781,39
11782,39
11783,39
11784,39
11785,39
11786,39
11787,39
11788,39
11789,39
11790,39
11791,39
11792,39
11793,39
11794,39
11795,39
11796,39
11797,39
11798,39
11799,39
11800,39
11801,39
11802,39
11803,39
11804,39
11805,39
11806,39
11807,39
11808,39
11809,39
11810,39
11811,39
11812,39
11813,39
11814,39
11815,39
11816,39
11817,39
11818,39
11819,39
11820,39
11821,39
11822,39
11823,39
11824,39
11825,39
11826,39
11827,39
11828,39
11829,39
11830,39
11831,39
11832,39
11833,39
11834,39
11835,39
11836,39
11837,39
11838,39
11839,39
11840,39
11841,39
11842,39
11843,39
11844,39
11845,39
11846,39
11847,39
11848,39
11849,39
11850,39
11851,39
11852,39
11853,39
11854,39
11855,39
11856,39
11857,39
11858,39
11859,39
11860,39
11861,39
11862,39
11863,39
11864,39
11865,39
11866,39
11867,39
11868,39
11869,39
11870,39
11871,39
11872,39
11873,39
11874,39
11875,39
11876,39
11877,39
11878,39
11879,39
11880,39
11881,39
11882,39
11883,39
11884,39
11885,39
11886,39
11887,39
11888,39
11889,39
11890,39
11891,39
11892,39
11893,39
11894,39
11895,39
11896,39
11897,39
11898,39
11899,39
11900,39
11901,39
11902,39
11903,39
11904,39
11905,39
11906,39
11907,39
11908,39
11909,39
11910,39
11911,39
11912,39
11913,39
11914,39
11915,39
11916,39
11917,39
11918,39
11919,39
11920,39
11921,39
11922,39
11923,39
11924,39
11925,39
11926,39
11927,39
11928,39
11929,39
11930,39
11931,39
11932,39
11933,39
11934,39
11935,39
11936,39
11937,39
11938,39
11939,39
11940,39
11941,39
11942,39
11943,39
11944,39
11945,39
11946,39
11947,39
11948,39
11949,39
11950,39
11951,39
11952,39
11953,39
11954,39
11955,39
11956,39
11957,39
11958,39
11959,39
11960,39
11961,39
11962,39
11963,39
11964,39
11965,39
11966,39
11967,39
11968,39
11969,39
11970,39
11971,39
11972,39
11973,39
11974,39
11975,39
11976,39
11977,39
11978,39
11979,39
11980,39
11981,39
11982,39
11983,39
11984,39
11985,39
11986,39
11987,39
11988,39
11989,39
11990,39
11991,39
11992,39
11993,39
11994,39
11995,39
11996,39
11997,39
11998,39
11999,39
12000,39
12001,39
12002,39
12003,39
12004,39
12005,39
12006,39
12007,39
12008,39
12009,39
12010,39
12011,39
12012,39
12013,39
12014,39
12015,39
12016,39
12017,39
12018,39
12019,39
12020,39
12021,39
12022,39
12023,39
